jen,東菄鶇倲涷蝀凍鯟崠埬
dong,同仝童僮銅桐峒硐筒瞳罿犝筩潼曈洞侗橦烔挏酮鮦眮蕫穜衕哃絧
jong,中衷忠
jong,蟲沖种盅爞翀
jong,終衆潨螽鼨蔠柊鴤泈
cong,忡浺盅
syong,崇崈
syong,嵩崧娀菘硹
nyong,戎茙駥狨絨
gyong,弓躳躬宫匑
yong,融虫肜瀜
ong,雄熊
myong,瞢夢懜
kyong,穹焪芎匑
gyong,窮藭
byong,馮堸汎芃渢梵
byong,風飌楓猦偑檒
pyong,豐酆蘴灃寷
cong,充珫茺
lyong,隆癃窿霳
kong,空箜崆椌硿悾埪倥涳鵼
gong,公功工疘蚣玒釭魟攻愩碽篢
mong,蒙冡濛艨朦矇饛檬鸏幪罞髳蠓雺霿霚朦懜霥
long,籠豅朧龓瀧聾礱嚨蘢櫳巃襱瓏曨鸗蠪屸
hong,洪鉷訌紅虹仜鴻葒葓谼烘洚渱魟
song,叢藂潨
ong,翁螉蓊
cong,怱忩葱楤聦繱騘囱鍯
tong,通蓪侗恫痌曈俑
jong,葼鬷嵕猣豵鯼椶騣嵸艐蝬堫翪緵稯鬉
bong,蓬篷髼蜂芃韸
hong,烘叿魟谾
ong,
song,檧憽
dong,冬苳笗
dong,彤疼佟炵鼕爞痋鉵浵鉖赨
song,賨琮悰潨淙慒鬃孮誴
nong,農辳噥憹儂膿
gong,攻釭
hong,洚
long,
jong,宗倧
song,鬆
tong,炵
jong,鍾鐘蚣忪蹱彸衳伀橦籦妐炂鈆
lyong,龍躘鸗驡籠蘢
syong,舂摏蹖憃
syong,松凇訟
cong,衝罿憧艟潼褈
yong,容溶滽庸墉鎔鏞銿鄘傭鱅蓉傛褣搈瑢嵱頌槦
byong,封犎葑崶
hyong,胷凶銎洶恟兇訩匈
ong,顒鰅喁
ong,邕雍噰嗈郺澭灉癰罋廱饔壅雝
nyong,醲濃襛穠
jong,重穜緟褈蝩
syong,從从
cong,蹱傭馬
byong,逢縫漨夆捀
pyong,峯鋒丰妦蠭蜂蘴桻烽莑仹
jong,縱蹤樅磫豵熧
nyong,茸襛穠搑榵穁
gyong,蛩邛舼筇輁蛬桏
syong,鱅慵
gyong,恭龔供珙共廾髸
syong,蜙淞凇鬆倯
cong,樅鏦從暰瑽摐鬆
kyong,銎
gyang,江扛杠茳釭矼豇肛玒
mang,厖駹狵尨浝哤牻娏蛖痝
nang,涳噥鬞
cang,囪牎窓堫摐鏦
bang,邦梆垹
hang,栙降缸瓨洚夅跭
bang,胮
lang,瀧
sang,雙艭瀧
bang,龐逄胮舽
hang,肛啌谾舡
ang,胦
kyang,腔羫控椌悾跫涳崆
jang,幢撞橦噇
cang,憃
jang,樁
ang,
sang,淙鬃
ji,支只汥枝祇衼肢胑禔馶氏疻鳷觶榰眵
i,移迻杝鉹箷椸詑簃熪扅衪暆迆栘歋酏匜拸謻蛇虵螔
wi,爲為潙鄬
gwi,嬀潙
hwi,麾噅撝
wi,逶萎覣蜲痿倭委蟡
mi,糜縻蘼醿
hwi,隓墮隳眭觿睢鑴蘳
jwi,鬌錘甀
swi,垂陲圌
lwi,羸
cwi,吹炊
pi,鈹帔鮍披耚狓翍旇秛
bi,陂詖碑羆
swi,隨隋
kwi,虧
kwi,闚窺
gi,竒琦騎鵸弜鬾碕錡
gi,祇示衹岐歧疧蚑忯軝芪汥跂蚔伎
hi,犧羲焁桸巇羛戲曦隵
ki,觭踦崎碕攲
i,宜儀轙涯崖
bi,皮疲郫罷
si,提匙堤禔忯
ni,兒唲婼
li,離籬醨罹璃酈驪樆鸝鵹縭褵蘺离蠡孋漓灕攡黐矖穲謧劙
si,疵骴玼茈胔飺鴜
ji,貲頿鴜鮆訾媊鈭姕觜
gi,羈畸羇掎攲奇妓躸
bi,卑鵯椑裨鞞頁庳錍
bi,陴卑焷脾埤裨蜱螷蠯郫紕
si,絁施葹鍦鉈
si,斯虒榹廝凘磃傂謕鼶蟴螔菥蜤燍禠鐁
ci,差嵯縒
ci,摛螭誺魑黐离彲
mi,彌鸍镾瓕獼擟麊冞瀰
ci,雌姕鈭
ji,知鼅蜘
i,漪猗椅旖禕陭欹犄檹
ji,馳趍池簃篪踟褫誃
swi,眭
wi,危洈峗
hi,詑焁
si,釃簁欐襹褷籭
swi,
nwi,痿
ji,厜觜惢嫢
gwi,槻規鬹摫
jwi,劑臇
cwi,衰夊
jwi,腄箠
jwi,
ci,眵
ji,龇
pi,
wi,欈
si,齹
ji,脂祗泜砥栺鴲疻
i,姨彞寅夷峓恞珆蔩痍荑桋蛦胰鮧羠羨鏔鴺跠洟
si,師鰤蒒篩獅螄
bi,毗比琵芘沘貔豼膍肶蚍枇仳魮鈚阰鵧
ji,咨資粢諮姿齍澬齎
gi,飢机肌虮
ci,鴟鵄胵
ci,絺郗脪瓻訵
ci,郪趑趀蠀
si,茨薋薺餈垐瓷澬
ni,尼柅怩蚭跜呢
ji,墀坻泜遲遟蚳岻荎菭謘莉貾
si,私鋖厶
si,尸鳲屍蓍
gi,鬐耆愭祁鰭鮨
i,伊咿蛜黝黟
li,棃梨蜊蔾犂刕鯬鑗蟍
gyuy,葵鄈楑
jwi,追
gwi,龜螝騩
nyuy,蕤甤緌桵
swi,衰榱
yuy,惟維遺濰壝蓶琟唯
lyuy,纍虆欙瓃鸓儽纝
syuy,綏雖荾荽葰浽奞夊睢濉
gwi,逵夔馗戣鍨騤躨艽頯頄
mi,眉睂嵋湄鶥楣瑂矀黴麋蘪郿薇葿
bi,悲
juy,錐隹騅萑鵻
syuy,誰脽
wi,帷
bi,邳鉟岯魾頁
pi,丕伾秠駓頁豾髬魾鉟
hyuy,倠婎睢眭
jwi,鎚椎槌顀
cuy,推蓷
ji,胝疷秪氐
pi,紕悂
juy,嶉檇
kwi,巋蘬
i,狋
hi,咦忾屎
ji,之臸芝ㄓ
i,飴怡弬媐异瓦鏔圯貽巸頤詒沶宧姬眙瓵
si,時旹塒鼭榯蒔鰣
i,疑嶷觺
si,思恖司罳伺絲緦禗覗犬蕬偲楒
ci,輺飔
gi,其期旗綦綨萁蜝琪麒騏淇錤藄棊櫀碁璂鯕蘄祺禥踑
si,詩邿齝呞
ni,而栭陾陑髵峏輀胹洏鮞耏咡誀鴯
ki,欺娸魌僛抾
gi,姬朞稘基箕萁諅其錤居諆
si,詞祠柌辭辤辝
li,釐貍狸氂嫠剺梩犛倈艃孷筣斄
ji,葘甾湽茬輺鍿鶅緇椔鯔
hi,僖歖熙嬉禧媐譆瞦熹嘻娭誒
i,醫毉譩噫
ci,癡齝笞痴
ji,治持莉
ci,蚩嗤妛媸
si,慈礠鶿濨兹
ji,兹孳嵫孜滋嗞鎡孖鼒鰦仔鶿稵
si,茬
si,漦
ki,抾
si,
mi,微薇癓
hwi,揮煇輝暉徽翬褘攵楎幑瀈
wi,幃韋闈圍違湋囗鍏潿婔
pi,霏妃菲婓騑裶
bi,猆飛扉緋非馡騛騑誹餥
bi,肥腓淝痱蜰蟦賁裴
wi,威葳隇蝛鰄媁楲
gi,祈頎旂畿崎碕圻刏俟幾蚚玂蟣岓
gi,機譏蘄嘰磯鞿饑禨幾鐖僟璣刏
hi,希晞莃鵗睎稀豨桸悕俙欷
i,依郼衣譩
i,沂凒
wi,巍犩
gwi,歸騩
kwi,蘬
o,魚漁齬鋙衙
co,初
syo,書鵨瑹舒紓
gyo,居据裾琚鶋車蜛崌椐涺腒
gyo,渠璩磲蕖籧淭醵腒螶蟝豦蘧鐻璖懅
yo,余蜍藇餘輿旟鵌璵艅畬歟與譽嬩舁擧妤伃予狳鸒雓
syo,胥稰楈藇諝湑蝑揟
co,疽岨砠趄苴沮狙蛆雎蒩伹坥
syo,鉏鋤耡豠
co,攄筡摴
syo,梳綀踈釃疋
hyo,虚驉歔嘘魖
syo,徐俆
o,於扵箊淤唹
jo,豬猪瀦櫫藸
lyo,臚閭廬蘆櫚驢藘爈櫖
jo,諸櫧藷蠩
jo,除躇儲涂篨宁著滁蒢屠藸
nyo,如蕠洳鴽茹
jo,且蛆苴沮
kyo,虚墟袪阹椐胠魼
jo,菹沮
syo,蜍
nyo,袽帤蒘挐
u,虞愚娛湡堣嵎髃禺隅鰅鍝澞齵鸆
cu,芻犓
myu,無毋瞴膴蕪誣巫莁璑鷡蝥无譕墲鵐憮
u,于迂盂邘雩竽玗芋汙杅釪骬謣
hyu,訏吁雩欨盱姁扜荂旴虖
gyu,衢劬軥氍朐臞癯鴝鸜灈躣忂鼩蘧斪句蠷瞿欋葋翵翑蚼胊絇戵鑺姁
nyu,儒獳濡襦懦嚅鱬嬬繻顬臑醹
syu,須鬚嬃頁繻需娶緰蕦鑐隃
ju,株誅邾鼄蛛跦袾列鴸
cu,貙
syu,殊銖洙茱殳陎杸
yu,逾踰窬隃鄃覦俞歈愉揄褕瑜崳羭蝓榆茰堬牏渝媮瘉螸蕍萮舀騟
kyu,區鰸驅敺嶇軀摳
ju,朱珠侏絑秼咮鴸鮢硃
cu,趨趍鯫
lyu,慺蔞氀瞜摟鷜鏤婁瘻膢
byu,扶芙符颫鳧榑苻蚨夫枹瓿枎坿泭夫羽玸
syu,雛鶵媰
ju,搊
pyu,敷麩麱孚郛鄜鋪筟俘痡殍怤孵豧尃罦稃莩泭郙桴姇荂紨秿
ju,諏娵陬嗺掫
byu,跗趺膚肤邞鈇衭玞簠夫鳺柎扶妋
u,紆陓扜蓲迂虶
syu,輸鄃隃
cu,樞姝袾
ju,廚躕趎幮裯
gyu,拘駒眗岣斗阝捄跔鮈俱痀
syu,毹橾螋
mo,模橅摸嫫謨墲无膜
bo,酺匍蜅荹樸菩蒲蒱
ho,胡壺狐瓳餬瑚湖鶘猢醐糊弧乎瓠葫魱箶虖
go,孤苽菰胍姑辜呱泒酤觚蛄箛鴣橭沽柧盬嫴罛軱箍
do,徒屠瘏塗途酴駼鵌涂梌荼圖啚廜菟捈嵞峹鍍鷵筡
no,奴砮駑帑孥笯
ho,呼嘑虖歑戲謼膴幠葫恗軤虍苸雐滹
o,吾鼯吳浯珸蜈郚齬鯃娪鋘梧峿麌祦
jo,租蒩
lo,盧鑪壚籚蘆顱髗鱸攎櫨轤黸獹鸕艫纑瀘瓐爐玈嚧矑罏蠦
so,蘇穌酥
so,徂殂
o,烏嗚洿汚杇圬釫鰞歍鎢於瑦鄔螐惡扝鴮
bo,逋餔晡庯陠鵏峬誧秿鯆抪
ko,枯刳扝郀軲跍挎橭鮬
co,麤麁觕
to,稌悇嶀庩梌捈
do,都闍醏
po,鋪鯆痡誧陠墲
sey,齊臍麡蠐懠癠
ley,黎犂莉黧藜鯬盠邌廲蔾筣驪瓈謧
cey,妻萋淒凄悽鶈郪緀齌霋
jey,低氐袛磾鞮腣羝眡隄堤岻奃趆鍉柢揥
jey,嗁啼蹏蹄提詆瑅隄桋題媞綈罤締蕛稊醍褆鵜荑禔崹緹鷤鼶騠折銕謕鶙蝭鴺銻鮷趧鮧鯷睼
bey,豍螕蓖篦梐狴箄鎞悂
gey,雞鷄稽枅笄卟
hey,奚豯徯蹊螇榽騱胿郋傒嵆兮鼷蒵貕
ey,鷖翳嫛黳黟繄
ey,倪蜺霓郳齯婗輗棿猊麑貎鯢兒觬
hey,醯橀忚
syey,西卤卥棲栖犀嘶撕屖粞
cey,梯睇鷈謕
bey,鼙鞞椑膍崥笓
pey,磇錍批鈚
jey,齎賷次韭齏櫅擠齌躋隮麡啙
mey,迷麛
ney,泥埿屔臡
key,谿嵠溪磎鸂檕螇
gwey,圭珪邽閨袿窐鮭洼胿茥
kwey,睽奎湀刲茥聧鮭蝰楏藈
hwey,攜蠵鑴窐畦驨雟酅纗讗黊眭觿
ney,臡
syey,栘
wey,烓
hwey,睳
gyay,佳街
hay,鮭膎鞵鞋榽
bay,牌郫蠯棑犤
gway,媧緺腡蝸騧歄
way,蛙鼃
kway,咼喎絓
say,柴祡茈査
cay,釵靫叉芆差
hway,竵
nay,掜誽
ay,崖涯啀猚厓
ay,娃洼哇唲
say,崽籭諰
hay,
cay,扠
may,
hway,鼃
gyay,皆偕稭喈階薢荄痎堦楷鶛湝街蝔鍇
ay,
hay,諧骸瑎湝龤蝔鞋
bay,排俳輫牌狎
gway,乖
hway,懷褱櫰槐淮褢瀤
kway,匯
say,豺儕麡
cay,差
hway,虺
jway,頁
may,埋薶霾
jay,齋
way,崴碨溾
jay,榸
lay,唻
kyay,揩
nay,摨
say,崽
ay,娾
cay,搋
hay,
lway,
sway,膗
hway,灰鼿豗虺
kway,恢詼悝魁又顝盔
way,隈煨渨椳偎揋葨鰃
hway,回洄迴槐徊瑰蚘蛕佪烠茴
may,枚梅媒玫煤脢脄腜禖莓塺鋂
gway,傀瑰瓌鞼櫰膭
lway,雷儡瓃櫑罍鑘鐳畾轠
dway,穨頽隤墤魋蘈蹪
cway,崔催縗
dway,磓塠頧堆鴭鎚搥嵟敦坐
sway,挼毸嗺蓑
sway,摧崔慛槯檇
bay,裴徘培陪婄棓毰輫
bay,桮杯盃
pay,肧坯醅衃抔
way,鮠桅嵬磑峞
tway,蓷推藬
nway,捼
jway,嗺脧
hay,咍
kay,開欬侅奒
ay,哀埃唉欸毐
day,臺擡菭苔炱嬯薹儓檯駘籉跆
gay,該豥垓荄郂剴陔姟絯晐峐祴侅賅胲
say,裁纔財才材渽鼒
lay,來萊郲騋崍斄猍淶鯠鶆庲棶犛逨麳徠
jay,烖灾災栽哉渽睵
cay,猜偲睵
bay,
tay,胎孡鮐台邰颱
hay,孩咳頦豥
say,鰓揌粞顋愢毢
ay,皚嵦敳隑剴獃
nay,能㾍
day,懛
cay,
pay,
jin,眞甄振禛稹磌畛籈侲桭蒖唇帪薽
cin,胂縝
in,因茵鞇禋闉駰湮烟氤絪垔陻堙洇姻婣諲裀歅
sin,新辛薪
sin,辰晨宸鷐麎桭茞屒臣
nin,仁朲人
sin,神晨
cin,親寴
in,礥
sin,申伸紳娠呻眒胂身柛訷
bin,賔濵
lin,燐鄰轔嶙粼磷疄麟麐鱗璘駗翷瞵獜驎鏻繗潾
gin,堇墐魿
jin,珍鎭塡
jin,陳趁塵
jin,津璡濜
cin,瞋嗔謓縝
sin,秦螓
in,寅夤蔩螾
nin,紉
pin,
bin,頻蘋玭顰嚬
in,銀狺檭鄞圁誾訔嚚珢垠泿
gin,巾
gyun,麏麇麕頵莙汮
yun,筠囩縜荺
kyun,囷箘箟輑蜠峮
min,珉岷罠閩緡笢旻旼闅汶忞盿鍲鈱
bin,貧
in,鼘駰
yun,贇奫頵蝹
bin,彬斌份玢豳邠汃霦攽虨砏
min,民闅泯怋
jun,諄惇肫訰
cun,椿楯輴鶞杶櫄瑃
jun,
syun,荀郇詢眴峋珣洵恂畇檈槆姰
syun,純蓴蒓醇鶉陙錞淳焞
nyun,犉瞤眴
syun,脣漘紃
lyun,淪倫論輪陯鯩蜦棆綸惀侖踚掄
jun,屯窀迍
cun,逡竣皴墫捘竴踆夋
jun,遵跧僎嶟鷷
cun,春
syun,鷷
yun,勻畇
syun,旬巡馴循揗紃洵楯灥畇
gyun,均鈞袀汮
gin,
pin,砏虨
jin,臻蓁搸溱潧榛樼瀙轃
sin,莘扟駪籸甡兟詵侁屾燊阠姺
sin,帘
myun,文聞彣紋雯馼蟁蚊鳼闅汶閩
un,雲芸蕓耘鄖妘紜溳澐云篔貟愪沄耺橒
un,氲緼馧蒀藴蝹煴
byun,汾墳氛鼖濆焚燌羒豶頒羵枌鳻蕡萉橨棼賁葐魵妢棻梤肦鐼馩馚鼢蚡轒
byun,分饙餴扮
gyun,羣帬裠宭
hyun,薰曛勲勛熏燻獯纁醺葷焄臐
gyun,君軍皸桾莙宭鮶
pyun,芬紛衯棻砏氛雰錀
hin,欣忻昕訢炘邤
in,殷慇溵
gin,勤芹懃慬懄瘽蘄
gin,斤筋釿
in,圻垠齗齦斦狺鄞
wan,元原邍源厵杬嫄沅騵黿羱蚖芫邧榞謜獂阮蒝
wan,袁爰垣亘園援榬轅鶢媛洹溒蝯猨猿
ban,煩番蹯繁蘩薠樊繙燔膰瀿羳鷭蟠蕃蠜礬鐇璠笲襎袢棥緐墦旛藩
pan,飜翻旛番幡轓繙反
hwan,暄煖喛萱諼塤壎吅貆喧諠愋讙翧蝖
wan,鴛冤鵷惌宛蜿蒬怨葾裷眢
an,言琂甗
kyan,攑
hyan,軒掀鶱蓒
gyan,靬鞬犍腱騝
an,蔫焉
ban,蕃藩轓鱕籓鐇
gyan,赶
man,樠
hon,餛餫鼲楎渾沄忶俒堚煇顐琿
gon,昆晜菎褌崐琨鵾鶤鯤蜫惃錕瑻猑騉
on,温輼蕰殟鴛豱缊韞
mon,門捫樠虋璊亹怋
son,孫蓀飧蕵猻搎
jon,尊罇樽嶟繜
son,存蹲拵袸
don,敦惇弴驐墩
ton,暾燉涒噋黗
don,屯豚豘窀臀軘飩坉沌邨燉忳啍芚庉
con,村
on,瘒顐梱
bon,盆葐湓
bon,奔賁犇
lon,論崘掄菕
kon,坤巛髡臗髖豤
hon,昏惛婚棔閽殙
pon,濆噴歕
non,黁
hon,痕鞎拫
gon,根跟珢
on,恩煾
ton,吞
on,垠圻泿
han,寒翰鶾邯邗虷汗
an,豻犴雃
dan,單襌鄲丹殫簞匰癉
an,安鞌侒
nan,難鳥隹隹
can,餐湌
tan,灘嘽嘆攤譠痑擹嬗
san,跚珊姍
dan,壇檀鷤癉撣彈驒驙但胆繟儃聅唌貚
san,殘戔又帴
gan,干乾漧竿肝奸鳱玕邗汗迀忓
lan,蘭瀾闌讕攔籣欄躝幱
kan,看栞靬臤刊
han,頇鼾
nwan,濡
hwan,桓完丸瓛紈雚萑洹汍絙芄豲梡荁莞綄莧貆狟峘垸寏院捖
wan,岏刓园忨蚖羱黿抏
dwan,端褍剬耑鍴竱偳
wan,剜眢豌蜿帵婠
twan,湍貒煓偳
swan,酸狻痠
dwan,團慱篿剸鄟敦漙鷒摶
swan,櫕鑚巑菆禶鄼纂劗
gwan,官悹莞棺觀貫冠涫倌毌
lwan,鑾鸞巒欒羉臠灤灓圝
hwan,歡懽驩貆貛鴅酄獾犿讙
kwan,寬髖
jwan,鑚劗
ban,槃盤鎜柈瘢磻幋磐般蹣搫鞶繁媻縏蟠
man,瞞顢謾蹣饅慲鏝槾墁鞔樠鰻曼蔓芇悗鬗絻
pan,潘番拌
ban,般
san,刪訕潸狦
gwan,關関癏擐
wan,彎灣潫
swan,
hwan,還環刂鬟寰闤糫鍰圜鐶轘郇澴
ban,班頒鳻朌螌斑辬般斒鯿扳
man,蠻獌鬘謾
an,顔楌
gyan,姦菅葌
ban,攀扳眅
nwan,奻
wan,頑
kyan,馯
kyan,豻鬜
jwan,跧
san,山疝邖
gwan,鰥綸
gyan,閒艱囏靬蕑覸
han,閑嫺癇蛝瞯鷴藖憪
kyan,慳顅掔鬜羥臤
san,虥潺孱僝
han,羴
an,詽虤
an,黰殷黫
ban,斒虨
lan,斕潾
nan,嘫
can,
wan,
dwan,窀
lwan,
gwan,
jan,譠
jan,
hwan,湲
san,虥
syen,先躚蹮
sen,前歬騚湔
cen,千圱阡汘仟芊谸迁杄
jen,箋牋瀳帴韉淺湔轃濺籛
cen,天吞詽
gen,堅鑒幵肩鳽豜猏菺麉鵳鰹
hen,賢臤弦絃舷胘蚿伭婱礥痃
en,煙烟燕咽橪驠湮胭閼
len,蓮憐怜嗹縺零
jen,田佃畋盷塡寘闐鈿沺磌鷆嗔滇貚搷
nen,秊年
jen,顚齻槇瘨癲滇巔驒傎蹎厧
ken,牽縴郉汧蚈掔岍雃
en,姸鳽硏揅趼俓
men,眠瞑矏
ben,蹁骿軿駢胼跰楄賆玭琕
wen,淵刂囦弲剈鼘蜎
gwen,涓睊蠲鵑焆鞙
hwen,鋗駽梋矎
ben,邊籩甂蝙猵編萹牑蹁
hwen,玄縣懸眩玹玆盷胘訇
hen,祆詽
swen,
syen,仙僊巳苮躚秈鮮硟鱻廯
sen,錢
cen,遷阝櫏韆
jen,煎湔葏鬋
nen,然燃肰繎
en,延埏筵狿郔綖蜒鋋莚
jen,饘旃旜栴氈鸇
gen,甄薽籈
jen,邅驙鱣
syen,潺孱
syen,羶埏挻扇煽鯅脠
cen,脠梴鏈
syen,鋋單蟬撣儃僤禪澶嬋
jen,纏緾躔瀍鄽廛
hen,嘕屳嫣
len,連聮漣翴鰱令鏈槤
pen,篇偏翩媥扁萹
ben,便緶楩諞箯楄
men,緜綿棉謾矊蝒矏芇宀櫋臱
swen,全仝泉牷葲
swen,宣揎愃頁瑄
jwen,鐫鋑脧剶
hwen,翾儇弲蠉嬛譞頨
nwen,堧瑌撋繎
cwen,穿川灥
wen,沿鉛鈆櫞捐鳶蝝縁
swen,旋檈璿琁璇蜁還嫙鏇
wen,姢嬛悁蜎潫
swen,船舩
ben,鞭鯾鯿編箯揙
syen,涎
cwen,詮銓硂痊佺悛駩筌絟譔謜縓恮荃峑鐉拴
jwen,專甎顓篿嫥諯湍膞鱄鷒鄟
swen,遄篅圌諯輲輇椯歂
wen,貟圜圎湲
jwen,恮跧蟤
swen,栓
cwen,猭剶
gen,乾虔犍鰬騝榩鍵揵
ken,愆諐褰騫攐
gwen,權拳狋觠顴踡婘孉犈蠸齤卷鬈蜷捲
jwen,椽傳
lwen,攣
kwen,弮棬鬈
en,焉閼蔫嫣鄢
en,漹焉
wen,嬽潫
cen,燀
jwen,
gwen,勬
syaw,蕭簫彇蟰橚潚踃箾艘瞍翛撨
caw,祧佻挑脁恌庣銚趒聎蓧
jaw,貂刁琱凋鯛雕鵰蛁彫奝弴瞗
jaw,迢條樤髫跳鋚蜩佻趒苕芀調鮡岧鞗嬥鰷
gyaw,驍梟澆憿釗邀蟂徼
lyaw,聊膋膫飉遼憀竂寥料橑撩摷廖僚寮鐐簝豂鷯璙嫽漻蟟瞭嶚翏繚憭獠髎蟧敹嘹熮
yaw,堯嶢僥垚顤
hyaw,膮嘵憢
yaw,幺怮葽
kyaw,鄡郻墽
syaw,宵消霄捎逍痟綃銷焇硝蛸莦哨鮹揱奞魈
caw,超怊欩
jaw,朝
jaw,晁鼂朝潮
hyaw,嚻枵歊毊獢藃呺虈
syaw,樵劁憔顦譙嶕鐎僬撨菬
gyaw,驕嬌憍穚鷮蕎喬簥撟
jaw,焦蕉膲鷦椒茮噍鐎蟭僬燋
nyaw,饒橈襓犪蟯蕘
syaw,燒系
yaw,遥媱傜繇颻欠窯窰珧鰩銚姚摇謡軺愮恌陶蘨系鷂洮烑榣嗂瑶猺餆褕
syaw,韶佋玿軺柖
jaw,昭鵃鉊招釗盄皽
baw,飊標猋杓瘭幖熛蔈驫贆髟
baw,鑣臕儦瀌藨
baw,瓢飄剽薸螵
myaw,蜱篻
myaw,苗描緢貓猫
yaw,要腰葽喓邀蟯
yaw,鴞
gyaw,喬橋趫僑鐈鷮毊轎嬌蕎蟜蹻
caw,鍫鐰篍幧
yaw,妖祅枖訞夭
kyaw,蹻繑趬蹺
caw,怊弨
paw,爂漂杓嫖旚犥鏢僄飄慓彯摽翲瞟螵嘌
gyaw,翹荍嘺
lyaw,燎髎
kyaw,趫橇鞽
haw,肴餚崤殽洨絞筊姣猇爻淆胶倄
gyaw,交蛟茭鵁膠鮫咬郊轇敎摎鉸佼艽詨嘐
saw,巢轈勦樔鄛
naw,鐃呶譊怓
saw,梢捎髾輎旓弰筲鞘蛸鮹綃颵莦娋
maw,茅蝥貓犛罞鶜描媌
haw,虓猇髇穘窙嗃哮庨灱涍嘐顤
baw,包胞枹苞勹
baw,胞脬拋泡
kyaw,敲跤骹磽礉鄗墝頝
aw,聱謷磝
jaw,罺抓摷
jaw,嘲啁鳭鵃
caw,抄鈔訬
baw,庖咆匏炮炰鉋麃掊颮鞄狍跑捊尥泡
aw,坳窅軪眑咬梎
caw,嘮
law,顟賿
jaw,䄻
haw,豪號毫噑濠壕崤
gaw,髙膏皐皋羔餻櫜咎鼛篙槹
law,勞澇牢窂簩蟧醪撈髝憥嫪哰簝
haw,蒿撓薧薅茠
maw,毛髦芼旄氂枆酕堥
taw,饕洮韜縚謟滔叨弢慆絛幍槄蜪夲綢搯瑫詜挑
daw,刀魛忉裯舠朷
saw,騷搔繅繰臊鰠溞颾鱢慅
baw,袍袌軳
baw,襃褒
daw,陶咷桃綯燾逃鼗鞀鞉濤掏檮騊萄翿匋啕錭駣蜪祹
jaw,糟醩遭槽傮
aw,敖遨翶聱驁熬嶅獒滶蔜鷔鼇螯謷嗸嗷摮嫯鰲
saw,曹槽螬嘈鐰艚蓸漕褿
aw,鏖
naw,猱巎嶩峱獿
kaw,尻訄
caw,操幧
paw,藨
ga,歌謌柯妿菏牁戕滒哥鴚
ca,蹉瑳搓磋溠傞
da,多
sa,娑挱挲傞獻桫
da,駝駞鼉紽鮀陀驒沱跎詑池酡迱鼧袉佗
sa,醝瘥鹺嵳蒫蔖虘齹
a,莪哦娥峩鵝俄蛾睋涐誐硪
ta,佗他拕它蛇痑鼧
la,羅蘿籮儸饠欏囉鑼剆
na,那能挪儺臡
ha,何河荷菏苛蚵魺
ha,訶呵
ka,珂軻
a,阿娿妸妿鈳
gwa,戈過渦鍋楇瘑緺堝
cwa,遳
dwa,桗
swa,莎魦莏趖蓑唆髿梭
ba,婆媻鄱皤繁搫蔢碆
dwa,碢堶
ma,摩魔磨劘
swa,矬痤銼睉
wa,訛譌吪鈋囮魤
twa,詑涶
lwa,摞騾驘鸁螺蠃覼腡蠡
nwa,捼
ba,波皤紴嶓番碆
pa,頗坡玻
hwa,和咊禾龢鉌盉
kwa,科窠薖稞萪蝌犐課簻髁
wa,倭濄渦涹踒
hwa,鞾靴
wa,
kwa,
gya,伽茄枷
kya,佉呿
gya,迦
cwa,脞
jwa,侳
gwa,瘸
lwa,
ma,麻犘蟆痲
ca,車硨
sya,奢賖畬
ya,邪耶瑘釾鎁椰擨斜
ja,遮諸
ja,嗟罝蒫謯瘥袓怚
sya,蛇虵荼
hwa,華驊鷨鋘鏵釫樺崋划
gwa,瓜騧緺婐蝸媧
hwa,華花譁
kwa,誇夸姱跨胯
na,拏詉挐摣蒘笯
gya,嘉家加葭笳麚豭猳痂鴐枷袈跏茄迦珈瘕犌幏貑蟼
ha,遐蝦鍜霞瑕騢鰕碬赮蕸
ba,葩鈀妑蚆吧舥
a,鴉鵶錏椏丫
ba,巴鈀笆豝芭蚆吧
ca,叉杈差靫鎈艖
sa,鯊魦沙砂裟桬紗髿硰
a,牙衙芽齖呀枒吾
ja,樝柤皻抯溠渣浾
ja,荼茶秅塗梌
sya,衺斜邪
sya,闍余鉈鍦
wa,窊洼畖蛙窪哇
jwa,髽
jwa,檛簻膼
ba,爬杷琶
sa,楂査槎苴
ca,侘哆多
ja,奓觰咤
ha,煆呀谺疨岈颬
kya,
sya,
nya,若婼
sya,些
ja,爹
wa,
kya,
yang,陽暘楊揚颺昜羊样眻佯詳徉洋烊煬鍚輰敭瘍鴹鰑鸉蛘禓崵諹瑒
syang,詳洋翔庠祥痒
lyang,良梁粱粮糧涼凉量蜋踉椋綡輬
hyang,香皀薌郷膷
syang,商傷殤慯觴蔏螪禓饟塲
bang,房防坊魴方肪鴋
jang,章漳樟慞璋彰墇障麞獐鄣蔁暲
cang,昌裮倡猖閶琩鯧菖
kyang,羌猐蜣
gyang,薑畺疆壃畕繮韁殭礓橿姜僵
jang,長萇腸場瓺
jang,張餦粻漲
nyang,穰禳攘鑲躟瀼獽儴蘘鬤勷瓤孃
bang,方汸坊蚄肪邡鴋枋鈁牥趽匚
syang,襄廂湘相緗纕忀驤鑲瓖欀箱葙
jang,將漿鱂蔣螿
cang,創瘡
mang,亡芒莣鋩硭杗朚邙望朢
nyang,孃娘瓤鑲
syang,牀床疒
jang,莊妝裝
syang,常尚裳甞嘗鋿償徜
syang,霜鸘鷞孀驦騻蠰
syang,牆廧墻佯嬙檣薔蘠戕
cang,鏘瑲槍蹌蹡斨牄嶈搶
kwang,匡邼筐框恇劻洭軭眶
wang,王蚟彺
ang,央鴦殃鉠秧霙胦泱
gyang,強彊勥
cang,倀鼚
pang,芳妨淓
gwang,狂軖軭鵟
dang,唐啺煻糖糛堂坣棠搪蓎瑭餹篖螗螳塘碭鶶踼闛赯磄溏傏隚鎕橖榶
lang,郎蓈稂桹廊榔鋃硠浪蜋琅瑯狼欴踉莨艆駺躴筤閬哴
dang,當鐺簹襠璫檔儅蟷
cang,倉蒼鶬滄飡
gang,岡崗剛掆笐鋼綱亢犅堈牨苀魧迒
sang,桑桒喪
kang,康穅糠槺邟漮躿
hwang,荒肓衁鄺詤巟
hwang,黃皇瑝惶遑潢堭煌餭騜艎簧隍癀湟徨篁鱑蝗凰偟媓獚蟥韹葟趪
gwang,光灮洸桄胱垙輄橫恍茪僙侊
tang,湯簜鏜闛踼盪蝪鼞薚
pang,滂鎊霶雱磅
wang,汪尣尪洸
ang,鴦佒咉眏姎
hang,炕忼
hang,航筕桁行迒頏魧胻邟杭沆蚢肮苀抗吭
mang,茫吂汒恾忙朚邙芒杗蘉
jang,臧匨牂戕贓样
nang,囊蠰
bang,傍彷膀髈趽房旁篣螃騯
ang,卬枊昂
sang,藏
kwang,䯑
bang,幫縍鞤
geng,庚鶊更秔稉粳賡羹埂浭
keng,阬坑硎砊劥
meng,盲蝱鄳莔
hong,橫黌蝗鐄瑝喤鍠韹彋
beng,閍祊騯嗙
hong,諻謍嚝喤
gyong,觵觥侊
beng,彭澎膨蟚棚榜搒蒡篣騯憉輣
heng,脝悙亨
ceng,瞠橕樘竀
ceng,鎗鐺槍琤
seng,傖鬇崢
eng,霙鉠韺渶鶧英瑛媖楧
beng,磅恲亨澎
beng,平評苹枰泙坪胓蚲
geng,驚京荆麠麖鶁蟼
meng,明盟鳴
jeng,棖盯澄掁挰憕
jeng,趟
eng,榮蠑瑩揘嶸
beng,兵
heng,兄
keng,卿
syeng,生笙牲猩狌鉎甥鼪珄
geng,擎勍黥剠鯨檠樈葝
eng,迎
heng,行衡胻洐筕珩桁蘅
neng,鬤爻獰爻
geng,耕
keng,鏗銵鳽誙牼硻殸硜摼羥
meng,甍萌氓甿嫇蕄
beng,浜
heng,宏紘紭閎嶸嵤耾翃浤竑宖鈜吰彋
heng,莖牼
jeng,朾丁玎
eng,甖罌罃鶯嚶櫻嫈鸚譻鸎褮莖
seng,崢鬇埩鏳崝
ceng,琤錚凈噌
neng,儜薴鬡鑏嬣
beng,怦姘閛伻弸匉抨砰
heng,轟輷揈訇鍧渹
beng,繃絣拼
jeng,橙湞朾虰憕瞪
eng,泓謍宖
beng,輣棚弸庄
eng,娙俓
jeng,爭箏埩綪猙
ceng,清圊
syeng,情晴請夝
jeng,精氏菁鶄蜻晶鼱婧睛旌旍箐聙
eng,盈嬴瀛籯楹贏攍
eng,營鎣塋濴
eng,嬰瓔纓攖賏蘡
jeng,貞楨禎湞
ceng,檉偵赬竀蟶虰
syeng,成城誠宬郕筬盛珹
jeng,呈程酲珵裎
syeng,聲
jeng,征鯖鉦怔正鴊眐佂
keng,輕鑋
meng,名洺
leng,跉令
beng,并栟簈屏
keng,傾頃
syeng,餳
eng,縈褮嫈
geng,瓊璚煢焭瞏惸藑嬛赹憌
syeng,騂垶觪
geng,頸葝
heng,
ceng,青鶄鯖蜻靘靑
geng,經涇頸巠
heng,刑形邢桯鉶型陘侀硎娙鈃鋞
jeng,庭停鼮莛葶筳亭聤霆渟綎娗挺楟蜓廷
jeng,丁釘玎靪虰仃叮
heng,馨蛵
syeng,星曐腥胜鮏鯹醒鉎篂猩惺
peng,竮俜甹艵頩姘覮
leng,靈霛舲齡麢囹鴒蛉鈴霝醽苓櫺柃伶泠瓴拎刢玲聆竛蘦軨笭零孁令灵龗翎閝鹷昤駖蕶酃詅彾呤跉狑爧冷怜澪鏻秢獜岭魿紷砱阾羚姈
neng,寧寍鸋嚀聹
ceng,汀訂桯綎聽廳町艼鞓庁
meng,冥榠銘鄍溟螟猽蓂瞑嫇覭暝
beng,瓶缾蛢屏荓軿萍蓱竮郱洴箳
heng,熒褮螢滎
geng,扃駉駫坰冋絅
jeng,蒸烝篜脀
syeng,承丞
jeng,澂澄瞪憕懲
leng,陵淩夌綾凌蔆菱鯪崚掕祾
eng,膺應鷹
beng,凭馮憑淜
beng,冫冰掤
eng,蠅
syeng,繩譝憴鱦乗椉澠塍
syeng,升昇陞勝抍
neng,仍艿辸礽扔
geng,兢矜
jeng,徵癥
syeng,繒鄫驓橧竲嶒
eng,凝
heng,興嬹
ceng,稱爯偁
geng,殑
syeng,㱡
keng,硱
ceng,僜庱睖
syeng,磳
peng,砯
deng,登璒燈簦
leng,楞棱稜輘倰祾
seng,僧鬙
beng,崩
jeng,增憎磳曾矰罾熷竲橧譄
meng,瞢蕄
seng,層曾層
beng,朋堋鵬棚倗鬅
hong,弘鞃苰
gong,肱
hong,薨
neng,能
deng,騰滕縢幐螣藤謄儯鰧
heng,恒峘
geng,搄縆絙
teng,鼟膯
peng,漰堋
yu,尤腄疣肬沋郵訧
yu,憂優瀀麀櫌鄾怮嚘耰獶纋妋
lyu,劉留蒥勠摎鶹騮疁流飂飀瘤榴瑬旒瑠瀏鰡嵧鎦懰餾裗硫遛憀鏐
cu,秋秌鞧緧鞦湫鶖鰍楸萩蟗篍趥
yu,猷猶悠油由攸蕕浟冘輶蘨秞蚰蝣櫾楢斿游遊卣鮋抌揄舀偤邮繇囮庮
yu,牛
ju,遒鮂蝤啾逎揂揫湫
syu,酋遒崷鰌蝤
syu,脩修羞樇
cu,抽婤惆瘳妯
kyu,恘殳
cu,犫犨
ju,周州輖洲賙喌舟郮婤週
syu,讎鮋酬醻詶雔魗
nyu,柔鍒騥蝚蹂葇鞣鰇瑈腬鶔揉
syu,收
kyu,丘丠蓲蚯邱訄
pyu,秠衃肧紑醅
gyu,鳩朻鬮丩龜勼
byu,不哹紑鴀
syu,捜廋蒐獀犙
cu,搊篘醔謅
ju,鄒鄹郰騶齱陬緅菆棷箃黀
syu,愁
hyu,休貅鵂庥脙髤咻
syu,囚泅汓苬慒鮂
ju,儔檮躊幬裯疇紬綢稠燽薵籌鳥棸椆怞懤鮋菗
ju,輈盩啁譸侜調咮矪
gyu,裘仇叴厹求頄蛷逑球璆艽鼽莍賕殏梂朹俅脙馗絿扏銶毬犰訅釚捄肍訄
byu,浮哹桴枹罦琈粰罘涪芣蜉烰鉜艀棓掊
myu,謀雺眸牟侔矛鍪鞪麰堥劺蝥蟊鷚恈鴾蛑繆
how,侯矦帿鄇鍭銗猴糇翭翵餱喉篌鯸瘊葔骺睺
ow,謳嘔歐甌區漚鷗瞘櫙蓲醧剾鏂膒
now,羺獳
low,樓婁蔞僂艛耬髏膢廔剅摟嘍瞜螻簍鞻慺鷜褸遱謱
sow,涑鏉摗
kow,彄摳剾韝滱夠
how,齁
jow,緅陬棷掫
tow,偷鍮鋀媮
dow,頭投骰坄牏揄窬緰歈
ow,齵
gow,鉤溝褠韝緱篝冓枸句軥夠鴝
dow,兜侸吺篼剅郖
sow,鯫
bow,裒捊抔掊箁
cow,䜅
mow,呣
yu,幽泑呦怮
gyu,虯觩璆觓鷚蟉
byu,彪髟驫
lyu,鏐蟉
gyu,樛朻
byu,淲瀌
ju,稵
syu,犙
yu,聱
hyu,飍烋
myu,繆鷚
cim,侵駸浸綅
sim,尋鐔潯鱏樳鄩襑枔撏灊鬵
lim,林琳淋臨痳箖瀶霖
cim,琛棽綝郴賝
jim,斟針鍼箴葴瑊鱵
jim,沈沉莐霃湛枕鈂
jim,碪砧椹枮坫
sim,諶愖訦忱煁瘎
nim,任鵀恁壬紝銋
sim,深
im,淫霪婬蟫鷣冘撢阝鐔鱏
sim,心杺
im,愔
jim,祲梫兓埐綅
sim,鬵嶜梣埐鈂灊
nim,鵀
gim,琴捦擒黔禽芩檎鳹凜庈雂耹靲
kim,欽菳衾嶔顉
im,吟訡唫崟荶碞乑
him,歆廞嬜
gim,金今黅衿襟禁
im,音隂隌瘖霠喑
sim,森參蔘薓槮襳穼棽
sim,岑涔梣笒
jim,旡簪撍
cim,嵾參梫駸槮
cim,
dam,覃潭曇藫橝蟫譚燂壜鐔眈蕁
cam,參驂傪
nam,南男柟楠抩
am,諳媕庵腤菴馣嬜韽盦喑
ham,含涵筨梒函顄蜬頷鋡圅肣
lam,婪惏燣嵐葻啉
sam,蠶撏
jam,簪撍篸鐕
tam,探撢貪
dam,耽湛眈酖妉甔媅
kam,龕堪戡嵁撖
ham,馠谽唅
sam,毿蔘犙
gam,弇淦蜬
am,嵁
dam,談郯惔錟淡痰澹倓餤刂
gam,甘柑苷泔媣
dam,擔儋聸頕甔
sam,三參弎鬖
lam,藍襤籃懢儖蘫
kam,坩
tam,舑聃緂
sam,慙慚鏨
ham,酣甝魽煔炶
mam,姏
sam,
ham,蚶嬜歛憨
em,鹽塩閻壛阽檐簷櫩
lem,廉鐮鎌簾薕薟蘞匳籨獫蠊帘鬑覝
bem,砭
syem,銛暹枮綅韱襳纖憸孅彡
cem,籤臉鹼槧憸僉刂譣
jem,詹瞻占蟾噡厃
syem,棎撏蟾
syem,苫痁
cem,幨襜裧緂妗
nem,髯蚺呥柟蛅冉袡舑
nem,黏粘
em,炎
jem,霑沾
cem,覘
em,淹菴崦醃閹
kem,
em,
jem,尖殲瀸漸虃熸鑯鋟
syem,潛朁鬵灊燂螹
gem,箝鉗鉆黚拑黔羬鳹雂鍼鈐
em,懕猒饜嬮
syem,燅燖爓
syem,襳
jem,誗
gem,鍼
cem,添沾黇舚
jem,敁佔詀
jem,甜恬湉菾
lem,鬑薕熑溓濓燫
kem,謙
gem,兼縑鶼蒹鰜
hem,嫌稴
nem,鮎拈
hem,馦欦妗
ham,咸鹹醎函諴鰜稴椷輱
gyam,緘瑊玪尲黬
sam,攕摻檆杉櫼
am,淊黯
am,嵒黬羬麙碞
ham,妗
jam,詀鵮
nam,諵喃
sam,讒獑鏨饞毚欃攙儳酁
kyam,鵮嵁厱
ham,銜甉
sam,巉嶃劖艬鑱獑毚嚵
am,巖礹
cam,攙
sam,衫纔髟縿彡芟穇
gyam,監礛鑑
bam,
kyam,嵌
em,嚴
hem,杴蘞
em,醃腌
kem,厱
byom,凡帆氾颿柉
pyom,欠
dong,董蝀箽懂蕫
mong,蠓鸏濛朦曚懵
kong,孔倥
song,檧
tong,侗桶曈捅
jong,緫揔惣嵸蓯鬷猣翪偬
hong,澒鴻汞
ong,蓊滃暡郺勜塕
nong,
bong,琫菶俸
long,曨襱巃竉籠攏儱龓
hong,嗊
dong,動酮姛眮詷桶挏硐
bong,菶唪埲
jong,腫種踵歱喠
cong,寵埫
lyong,隴壠
ong,擁壅
nyong,宂穁辱氄軵搑
jong,重襱鮦
jong,冢塚
byong,奉唪
pyong,捧
yong,勇恿涌甬踊慂塎悀埇溶蛹傛俑
kyong,恐
syong,尰瘇
gyong,拱拲鞏蛬孒珙廾巩栱輁
syong,悚竦慫聳駷愯傱
hyong,洶詾兇
byong,覂
dong,湩
mong,
gyong,䅃
cong,喠
jong,
jong,
gyang,講港傋耩
bang,棒棓玤蚌蜯
ang,慃
mang,
hang,項缿
bang,
hang,傋
ji,紙帋只坻軹枳咫扺坁砥汦抧恀
si,是氏媞諟恀徥褆姼
mi,靡骳蘼
bi,彼卑柀佊
bi,被罷
hwi,毀燬檓毇譭烜
wi,委骫蜲
kwi,跪
gwi,詭垝陒攱觤恑蛫祪庪庋洈蟡姽桅佹
swi,髓嶲靃
lwi,絫累樏厽垒
gi,技妓徛伎錡
i,倚猗椅旖輢
gi,掎剞庋踦攲
ki,綺婍碕觭
i,螘蟻蛾錡礒齮艤檥轙羛
wi,蔿鄬儰薳寪
jwi,觜
nwi,蘂蕊甤繠
ci,此跐佌玼泚
ji,豸褫陊踶傂杝阤褆徥
si,徙壐璽
i,酏迆匜衪肔崺扡孈
li,邐峛
si,躧灑纚縰釃屣矖簁
bi,俾鞞箄髀崥
ni,爾尒邇
mi,渳弭濔瀰芈敉侎葞蝆
bi,婢庳
ci,侈姼鉹誃垑懘袳袲恀哆
si,弛豕阤
ji,紫訿訾啙跐茈呰
jwi,捶箠沝
cwi,揣
swi,
si,舓舐
ji,跐
pi,紴披
pi,諀庀疕仳吡
wi,芛撱
swi,惢
kwi,跬頍
ni,狔旎柅
wi,硊頠姽
gwi,跪
ci,褫
ji,
hi,
ki,企跂
swi,菙
gi,枳
ji,旨指恉厎砥茋
si,視眡眎
mi,美媺渼媄
bi,鄙啚娝痞
si,兕羠薙
gi,几麂机
ji,姊秭
bi,匕妣秕比沘枇朼疕髀
gwi,軌簋朹晷厬宄匭頯氿
wi,洧鮪痏
si,矢屎
ji,雉滍薙
si,死
bi,牝
li,履
syuy,水
lyuy,壘蜼猚櫐蘽轠鸓藟誄耒讄
gyuy,揆楑嫢湀
cuy,趡踓
ni,柅
gyuy,癸湀
bi,否痞圮仳殍
syuy,
pi,嚭秠疕
nyuy,蕊甤繠
yuy,唯蓶壝瀢孈踓
i,㱅
juy,濢噿嶉臎
ji,黹夂
ci,
ji,
hyuy,
gwi,䣀
gi,跽
kwi,巋蘬
ji,止畤沚洔茝趾址阯芷厎
si,市恃畤
ji,徵
hi,喜憙蟢
gi,紀己妀
i,以巳苡苢佁
si,似佀祀禩姒巳耜汜洍泤鈶
si,史使駛
ni,耳洱駬
li,里裏鯉悝李理娌俚
si,枲萆葸諰
si,始
ji,歭跱峙痔偫洔畤秲庤
ki,起邔杞屺玘芑
si,士仕柹戺
si,俟竢涘騃
ji,子仔虸耔秄梓杍
i,矣
i,擬儗薿孴譺
ci,齒紕
ci,恥祉褫
ci,欼
ji,滓笫胏
i,譩醷
ni,伱聻
mi,尾亹斖浘娓
i,扆偯庡僾靉
ki,豈
gi,蟣幾穖
pi,斐菲胐悱奜
bi,匪篚棐餥榧蜰蜚
wi,韙煒暐偉瑋葦椲韡媁愇鍏
gwi,鬼
hwi,虺虫卉
i,顗螘
hi,豨俙霼唏
wi,磈嵔
bi,膹橨蟦陫
o,語篽籞圉敔圄衙齬鋙禦蘌
lyo,吕膂旅祣穭梠儢侣郘絽
jo,佇竚芧苧紵杼羜宁眝
yo,與与歟予藇
jo,煑陼渚
nyo,汝肗茹
syo,暑鼠黍癙
co,杵處
jo,貯褚著詝
syo,諝胥稰醑湑糈楈
co,楮柠褚
nyo,女籹
hyo,許鄦
gyo,巨拒秬距炬粔虡鐻鉅苣駏詎歫
syo,所糈齭疋盨
co,楚礎齭齼憷濋
jo,阻俎
syo,齟鉏
syo,咀沮怚袓跙
o,
gyo,舉莒櫸筥弆柜
syo,敘緒藇序漵抒嶼鱮
kyo,去麮弆
syo,紓抒杼
syo,野墅
co,
jo,苴咀
u,麌俁噳
u,羽禹雨宇瑀祤栩鄅頨楀萭聥
syu,聚鄹
byu,甫脯斧頫俯府腑簠黼蜅莆俌父蚥鯆郙
myu,武舞儛嫵侮憮珷碔廡甒潕鵡膴瞴娬敄
byu,父輔腐滏蚥秿鬴釜
pyu,撫弣拊殕俌剖
ju,柱跓嵀
hyu,詡冔姁栩珝欨祤咻喣煦
syu,豎竪樹裋
yu,庾窳抌愈瘉貐楰斞
ju,主麈枓宔炷
u,傴噢迂
kyu,齲踽竘
ju,拄柱丶
nyu,乳擩醹
gyu,窶貗
syu,數籔
gyu,矩榘踽枸萭聥楀蒟椇
cu,取
lyu,縷僂褸簍嶁謱慺漊蔞
syu,䅡
syu,
mo,姥莽媽峔
to,土吐稌芏
do,杜靯肚荰土
lo,魯櫓滷虜擄樐艣鐪蓾鹵鏀
co,蔖
do,覩睹暏賭堵肚帾楮
go,古鼓鼔瞽股罟蠱估盬鈷羖詁牯賈夃沽焸^儿^コ
o,五午旿伍仵
bo,簿部
so,粗麆駔伹觕
jo,祖珇組蒩靻
ho,虎琥戽滸萀
o,隖塢鄔瑦溩
ko,苦
no,怒弩砮努
ho,戸楛扈怙鄠帍祜昈岵芐雇婟戽洿酤滬簄
po,普溥誧浦烳
bo,補譜圃
sey,薺鱭癠啙
ley,禮礼蠡澧醴鱧鱺欚盠劙豊欐
cey,體軆醍涕挮緹
pey,䫌
jey,濟癠夘
jey,邸底詆坻抵牴觝柢弤堤軧
jey,弟娣悌遞媞
ney,禰嬭苨瀰坭薾檷鑈
syey,洗洒
cey,泚玼緀皉
key,啓棨綮卟稽晵闙启
hey,徯謑涀匸
mey,米眯洣蔝
bey,陛梐髀
ey,䚷
ey,堄掜觬晲
bey,
hay,蟹獬澥嶰
may,買嘪蕒鷶
kyay,
jay,廌豸
nay,嬭
bay,罷矲猈
ay,矮躷
bay,擺捭
gyay,解薢檞
say,灑躧
gway,柺
jway,
hway,夥
hway,扮
gyay,箉拐
hay,駭絯侅駴
kyay,楷鍇
ay,騃娾
ay,挨唉
hway,賄悔蛕
way,猥腲嵔鍡碨
lway,磥磊癗礧鑘郲蕾儡頛櫑
dway,錞瀢陮
sway,辠罪
may,浼潣每挴燘
tway,骽腿聉僓脮
hway,瘣溾匯廆輠
kway,傀顝磈
dway,頧謉
nway,餧餒浽娞鮾脮
jway,
way,頠顡隗峞嵬
cway,皠漼璀鏙
bay,琲痱
jway,嶊洅
way,侑
hay,海醢橀
kay,愷凱颽塏暟鎧闓輆
jay,宰縡載
day,駘殆待怠迨紿詒軩
nay,乃迺鼐
gay,改頦絠
hay,亥侅
pay,啡
cay,采採綵寀彩
cay,茝
day,
may,挴
say,在
pay,俖朏
ay,欸毐挨
ay,佁
tay,㘆
nay,疓
lay,唻
ay,
bay,倍菩蓓
jin,軫縝胗疹畛賑鬒槇紾縝診袗裖敐眕黰駗稹
cin,辴
sin,腎蜃祳脤鋠
nin,忍荵涊
sin,矤矧訠哂弞頣
lin,嶙僯橉撛
jin,紖眹
gin,緊胗
sin,盡濜
jin,盡
bin,牝髕臏猵
in,釿磭齗听
cin,笉
gyun,窘僒莙箘菌蔨蜠
in,引蚓螾弞濥廴戭縯鈏靷
min,愍慜憫閔敏敃暋潣簢鰵
min,泯僶笢黽澠刡脗
yun,殞溳磒隕霣愪荺
jun,準准埻純
yun,尹允狁馻玧允
syun,筍笋鵻隼箰簨
nyun,蝡
cun,蠢踳惷偆僢
syun,盾循吮楯
cun,偆
lyun,耣
nyun,
kyun,
kin,螼
syun,賰
hin,脪
sin,濜
jin,屒
myun,吻刎抆伆勽
byun,粉黺扮
byun,憤扮鼢蚡墳魵鱝弅轒膹坋
pyun,忿魵
un,惲蕰藴韞緼褞賱醖揾
un,齳夽喗
un,抎
kyun,
in,隱磤櫽嶾乚
gin,謹槿堇漌慬巹菦
jin,
kin,赾
gin,近瘽
cin,齔
in,听
hin,
wan,阮邧
wan,遠
an,偃鶠郾褗堰匽鄢鼴蝘鰋
gyan,湕揵蹇
gyan,寋楗鍵
kyan,
an,巘屵
hyan,幰攇
man,晚娩挽輓脕
ban,反阪坂返橎
gwan,圈菌卷
wan,婉菀苑踠蜿畹琬宛惌倇夗晼睕
kwan,綣虇裷
hwan,暅咺烜愃諼
ban,飯軬笲
hon,混鯶渾緷焜倱棍睔掍睴煇
pon,翉
con,忖刌
bon,本畚笨苯
son,損
jon,撙噂譐僔
on,穩
don,囤盾沌坉庉遁遯
son,鱒
gon,衮緄鯀輥緷蓘惃丨錕
ton,畽吨黗
kon,閫壼稇裍悃梱齫硱
lon,惀睔碖
bon,獖笨体
mon,懣
non,㶧
hon,惛
hon,很
kon,墾懇齦豤
gon,詪
han,旱皔
dan,亶嬗笪疸觛狚担
tan,坦誕
san,散攵饊糤鏾繖傘攴
dan,但蜑袒襢潬繵膻僤觛
san,瓉趲禶
gan,笴簳皯稈秆仠矸衦
lan,嬾懶讕
kan,侃衎
han,蔊厂灘暵焊熯
jan,
hwan,緩澣浣綄梡棵鰀嵈晥
dwan,短斷
wan,椀盌
twan,疃瘓
swan,算匴篹
gwan,管筦脘輨盥琯痯悹錧
lwan,卵
kwan,款歀欵窾梡棵
nwan,煗暖煖餪渜稬
jwan,纂纉儧籫鄼繤
ban,伴拌
man,滿懣心鏋
ban,粄瓪昄
swan,鄹
dwan,斷緞
nan,攤
pan,坢
san,潸
wan,綰
ban,版板蝂瓪昄鈑
jan,拃
nan,赧戁
han,僩憪撊捍橌
hwan,睆睅鯇皖莞
ban,阪昄魬
man,矕
san,
an,
can,
ban,眅
swan,撰饌
san,産簅摌嵼汕滻産
han,限硍
an,
gyan,僩柬暕揀簡
can,剗鏟丳羼
san,棧嶘轏孱輚虥
an,眼
jan,醆琖盞
cwan,㦃産
kyan,齦
syen,銑洗跣毨姺燹箲筅
cen,腆痶圢淟町錪靦琠蚕賟晪
jen,典蕇頁錪
en,蝘躽宴嬿
jen,殄蜓跈
gen,繭絸蠒趼垷筧襺挸
hen,峴臔哯晛垷蜆俔顈睍詪嫢
hen,顯韅蜆抮
men,芇丏眄
nen,撚涊蹨跈
ben,編匾緶萹惼碥扁糄
hwen,泫鉉琄贙埍繯鞙
gwen,く畎詃埍罥羂汱
ben,辮艑扁
kwen,犬
ken,豤蜸
en,齞
syen,獮鮮尠尟癬燹廯蘚
en,演衍縯蔩戭
sen,踐諓餞俴
jen,展搌皽輾紾襢
jen,樿饘醆皽燀橏嫸
nen,趁
cen,淺
cen,闡燀繟幝灛嘽
ken,遣繾
gen,蹇謇搴攓藆
syen,善譱墠鱓蟺單僐鄯墡磰
jen,翦剪揃戩錢媊俴帴鬋籛
nen,蹨橪戁熯
syen,
len,輦璉鄻僆摙蓮膦
en,齴巘遃嵃讞甗
gen,件鍵鑳
ben,辯辡辨諞
men,緬沔汅湎愐黽偭勔
ben,褊
jwen,臇
swen,雋隽吮
ben,辡覵鴘
wen,兖沇抁萒馻
lwen,臠孌脟
jwen,轉
gwen,卷菤韏捲埢
gwen,圈蔨萒
nwen,輭軟蝡碝瑌愞腝耎偄緛
cwen,舛喘荈
swen,膞腨鄟歂踹
jwen,篆瑑沌摶堟
jwen,剸剬孨鱄竱膞
swen,選
swen,撰僎譔
gwen,蜎
hwen,蠉
ben,楩諞扁
men,免娩勉俛鮸冕絻
cen,搌蕆
pen,鴘
syen,
en,嫣
jen,邅
syen,棧
syaw,篠謏
gyaw,皎璬皦恔繳晈儌
jaw,鳥蔦釕扚
lyaw,了蓼瞭镽鄝繚憭爒撩
caw,朓窱
hyaw,曉皢膮
yaw,杳窅窈偠騕葽鴢婹苭
nyaw,嬲嫋褭嬈
hyaw,皛芍
jaw,窕誂掉嬥挑
kyaw,磽
jaw,湫劋
syaw,小
jaw,肈肁兆趙旐狣鮡駣垗
jaw,沼菬
yaw,夭殀芺仸
caw,巐
syaw,少
nyaw,擾繞遶嬈
baw,摽鰾慓顠膘
caw,麨弨楢眧
paw,縹醥犥顠皫篻瞟膘
myaw,眇渺訬淼杪秒藐吵篎
syaw,紹綤佋袑
gyaw,矯鱎敽撟嬌蟜譑孂蹻
baw,表
baw,褾標
baw,藨殍莩
yaw,鷕溔舀抭
caw,悄愀釥
jaw,勦漅膘
gyaw,
lyaw,繚燎璙憭爒僚嫽
paw,麃
yaw,闄
kyaw,巧
haw,澩佼
baw,飽
naw,撓獿
maw,卯戼緢泖媌昴茆
gyaw,絞狡佼攪筊鉸姣烄攵
jaw,爪瑵笊抓
aw,拗鴢乚狕
baw,鮑骲鞄
aw,齩
saw,
caw,煼炒謅吵
jaw,獠
saw,
haw,晧昊昦暭鎬浩顥灝鰝夰鄗滈
baw,抱
law,老獠轑橑潦栳澇
taw,討槄
daw,道衟寸稻駣
naw,匘腦刂惱碯
saw,嫂燥埽掃
daw,倒擣搗禂檮禱壔懤
caw,草艸懆慅騲愺
jaw,早澡藻薻蚤璪璅棗繰繅
saw,皁造艁
gaw,暠杲稾藳夰縞槀菒
haw,好
maw,蓩媢冃
baw,寶珤保堢堡褓緥鴇葆駂宲賲
aw,襖镺懊芺媪燠夭郩蝹
kaw,考栲槁祰洘燺丂薧
aw,
ga,哿舸笴
ca,瑳硰
da,嚲單哆癉
sa,縒娑褨
da,爹柁舵陊袉拕沱詑
a,我騀硪
ta,袉
la,斤攞砢曪斤剆斤石
na,橠娜袲
ha,荷何
ha,㰤㗿
ka,可岢軻坷
a,椏妸娿
ja,左
gwa,果菓猓輠鐹划裹蜾惈粿
dwa,埵鬌挆朵朶綞揣鍺
swa,鎖瑣溑葰阝惢
dwa,墮垛憜惰嫷鬌嶞
twa,妥媠隋墮橢鵎
ma,麼懡
swa,坐
wa,
lwa,裸躶@衣臝卵瘰蓏蠃
wa,婐倭
nwa,
ba,跛簸駊
pa,叵駊頗
hwa,禍夥輠
hwa,火邩
kwa,顆堁敤
ba,爸
cwa,脞
jwa,硰
ma,馬碼罵鷌鰢
ja,者赭堵
ya,野壄也冶虵
a,雅疋庌厊
gya,檟榎嘏假叚賈斝瘕椵婽
sa,灑
a,啞瘂
sya,灺抯
ha,下丅夏廈
sya,寫瀉
jwa,
mya,乜
ca,且
ha,閜襾
sya,社
kya,跒
ba,跁笆
sya,捨舎騇
ja,姐抯飷
ba,把
hwa,踝稞黊蘳觟輠
gwa,寡冎剮
wa,瓦邷
nya,若惹
ja,鮓厏謯痄
ja,觰
sa,槎厏
ca,奲哆撦
ja,
na,
kwa,髁跨骻銙
cwa,䂳
cwa,
swa,葰傻
ca,奼
la,藞
yang,養痒癢瀁蛘勨
syang,像象蟓橡襐勨鱌潒嶑
jang,獎槳蔣
lyang,兩脼緉蜽魎
ang,鞅柍秧詇岟駚炴怏紻
gyang,勥彊弜誩滰
ang,仰卬
cang,磢搶漺愴
syang,想鯗
jang,掌仉
syang,爽鷞塽樉漺
hyang,響饗蠁亯亨嚮曏
cang,敞氅廠僘
gyang,繦鏹襁膙憼
jang,丈杖仗
cang,昶鋹
gwang,獷
nyang,壤穰蠰攘躟
syang,賞饟曏
pang,髣彷仿紡鶭
mang,网網罔輞棢惘菵誷蛧魍
bang,昉倣放瓬
wang,枉攴欠汪
wang,往暀
hwang,怳
cang,搶摤
jang,長
syang,上丄
gwang,俇
gwang,臩迋逛
bang,
cang,傸
dang,蕩崵婸潒愓璗盪簜嵣
sang,顙磉
gwang,廣鄺
bang,榜牓螃蒡
jang,駔驡髒
nang,曩灢
hang,沆骯蚢吭
tang,曭儻偒戃矘帑爣攩
mang,莽茻壾蟒漭
dang,黨讜欓
lang,朗朖誏俍崀榔
ang,坱姎映泱咉醠盎駚軮
kang,慷忼骯懬
wang,瀇
hwang,晃幌櫎榥滉攩皝
pang,髈
hwang,慌爌
gang,
ang,
sang,奘
cang,蒼
hang,汻酐
kwang,懬爌
geng,梗挭哽郠綆鯁埂骾
beng,丙昞怲邴炳秉窉苪蛃
geng,警儆景境璥蟼憼
eng,影璟璄摬
syeng,省眚渻
eng,永栐
heng,
meng,皿
geng,憬囧煚璟臩暻
heng,杏莕荇
meng,猛蜢艋鱦鄳
gyong,礦鑛獷穬
beng,浜㑟
jeng,盯
jeng,瑒
ong,㴄奣
deng,打
leng,冷
hong,卝澋
beng,鮩
kyong,
neng,檸
geng,耿
meng,鼆黽
heng,幸倖
beng,蠯螷
beng,皏
syeng,靜睜靖妌婧穽阱猙
jeng,整
ceng,逞騁裎悜睈
eng,郢浧梬
geng,痙
eng,潁穎
leng,領嶺阾柃袊
geng,頸
beng,餅屏鉼併
keng,頃頁檾苘
jeng,丼
eng,廮癭
ceng,請睛
syeng,省渻睲惺
meng,眳慏
jeng,徎塣
heng,迥冋炯泂
geng,熲炅炯頁
meng,茗嫇酩瀴溟眳姳
jeng,頂奵耵鼎薡酊濎葶靪打
jeng,挺艇鋌梃娗町霆莛涏蜓訂誔
ceng,珽圢脡侹頲徎町艼
seng,汫
eng,濙
keng,謦
neng,聹濘
heng,婞涬鋞脛緈
syeng,醒箵
beng,鞞
keng,褧檾苘烓顈絅
geng,剄烴
peng,頩
eng,巊瀴
leng,笭冷
beng,竝並鮩併
heng,詗
eng,矨
jeng,拯抍撜氶
ceng,庱
geng,殑
syeng,㱡
deng,等
peng,倗剻
keng,肯肎
neng,能
yu,有右友栯
lyu,柳罶懰珋嬼熮瀏綹茆
nyu,狃紐鈕杻莥扭
cu,丑杻杽
ju,肘疛扭
hyu,朽殠
gyu,久九玖灸韭
syu,首手守
cu,醜魗
syu,湫愀
byu,婦負萯蝜阜偩菩
byu,缶缹否不鴀痞殕
kyu,糗
nyu,蹂楺煣輮沑葇韖粈
gyu,舅倃臼齨麔咎
ju,紂鮦葤棸
yu,酉丣誘牖卣槱莠羑庮蜏欠琇梄欠玉輶湵
syu,受壽璹綬
syu,滫糔醙
yu,懮
ju,酒
syu,
ju,帚箒鯞晭
pyu,㤱紑
ju,掫搊
syu,
cu,
pyu,秠
how,厚垕後后郈
mow,母牡某拇胟畮畞莽踇
bow,部培犃瓿篰蔀婄
dow,斗枓蚪阧陡抖襡
tow,飳妵黈蘣斢鈄
gow,苟玽狗垢笱耇詬枸茩岣豿
ow,藕蕅偶耦髃
bow,掊
now,陾啂
sow,叜叟嗾擻藪籔廀棷駷操
how,吼吽呴蚼
pow,剖婄蔀
ow,歐嘔毆塸
low,塿嘍簍甊嶁謱漊
jow,走
kow,口扣釦叩竘
dow,䕆揄襡
sow,鯫
cow,趣取棷
yu,黝怮蚴泑眑
gyu,糾赳朻鬮
gyu,蟉
cim,寑寢梫鋟
jim,朕鰧螣栚顩
kim,坅
lim,廩懍菻凜顲癛
sim,罧伈
cim,踸鍖
jim,
nim,荏飪餁稔栠恁袵棯銋腍
jim,枕
sim,沈邥宷審瞫諗魫淰
sim,葚
sim,甚訦
cim,瀋
cim,墋醦磣
nim,拰
gim,噤凚唫
gim,錦
sim,蕈
im,僸趛
sim,瘮槮
bim,稟
im,飲
pim,品
kim,顉
him,廞
jim,戡
im,潭
sim,頁
gam,感鱤灝贑贛灨
dam,禫黮窞髧萏倓醰嘾贉譚
am,晻黭揞唵隌罯黤
nam,腩湳羽揇萳
tam,襑嗿黮
sam,歜
cam,慘憯朁黲傪噆
am,顉嵁
jam,昝寁撍
sam,糂糝糣槮
kam,坎歁惂輡錎轗埳顑竷臽
ham,頷頜撼淊菡欿蜭涵肣莟顄
lam,壈燣浨醂顲漤
dam,黕眈衴丨瓭抌
ham,
gam,敢又殳攴橄澉
sam,㶒
lam,覽爁擥攬欖罱
tam,菼緂毯裧
dam,膽紞黵
dam,噉啖啗澹淡憺惔
cam,黲
mam,㛧
jam,
sam,槧鏨嵌
ham,喊嚂
am,埯揜
kam,䖔
em,琰剡棪燄淡扊淊夵
lem,斂撿薟蘞瀲獫溓嬚羷
hem,險獫玁譣憸嶮
bem,貶
jem,颭
kem,嵰
em,顩广嬐嶮噞
gem,儉芡
gem,檢瞼
em,黶檿厭魘厴擪酓
nem,冉姌苒染柟
syem,陝睒閃覢
cem,諂讇
em,奄閹掩揜裺晻渰罨弇媕
syem,漸蔪嚵鏨螹槧
cem,憸
jem,
kem,脥
syem,剡
cem,忝栝銛悿
nem,淰姌
jem,點玷
jem,簟扂丨丨驔橝
kem,嗛歉慊膁
lem,稴溓
hem,鼸
cem,憯
gem,孂
mem,厸
em,儼广礹曮
kem,欦頁
em,埯
ham,豏減喊甉
jam,湛偡
kyam,歉撖槏
gyam,鹼鹻減
sam,瀺嶃嵁
lam,臉醶
jam,斬
cam,
ham,闞欦
sam,摻醦
am,黯
ham,喊
nam,淰
cam,旵
ham,檻艦壏濫轞撖
kyam,
sam,㺑
am,黤
cam,醶
ham,㺖豃
sam,巉
byom,范範軓笵犯
myom,錽
byom,
kyom,凵㧄
pyom,釩
com,
song,送鬆凇
byong,鳳
gong,貢贛虹羾
long,弄梇礱哢
dong,涷凍棟湩
kong,控倥悾鞚空
jong,糉粽偬鯼緵
ong,瓮甕罋
cong,愡
dong,洞恫眮絧峒詷胴慟筒駧衕迵戙
tong,痛
jong,仲蟲
byong,諷風
kyong,焪䛪
myong,㝱夢瞢鄸䠢
hyong,
mong,霿艨
cong,趥
pyong,賵
song,
jong,中衷
hong,哄烘港鬨蕻
nong,齈癑
jong,衆
cong,銃
syong,㓽
hong,烘戇
song,宋
jong,綜錝
tong,統
mong,雺
hong,䃔㗢
yong,用
syong,頌誦訟吅
byong,俸縫捀
gyong,共
byong,葑封
gyong,供龏
ong,雍灉
jong,湩堹諥
jong,縱瘲
cong,蹱憃
nyong,䩸
jong,種偅
jong,重緟
lyong,贚躘儱
kyong,恐
syong,從
nyong,
gyang,絳虹降洚
hang,巷衖鬨
jang,戇
jang,憧幢撞艟
cang,
sang,漴
bang,肨
cang,
sang,淙
ji,寘忮伎觶伿
bi,避
jwi,惴
li,詈荔離珕
si,豉鯷
ji,積
si,賜澌儩杫
wi,爲
gwi,䞈垝攱
pi,帔秛襬
bi,賁佊詖貱陂跛藣
bi,髲被鞁旇
lwi,累
gi,寄徛
bi,臂
gi,芰騎鬾輢汥
ci,刺刾朿莿庛蛓
i,易貤伿
i,議誼竩義
pi,譬
si,漬眥髊骴胔
ji,智潪
i,倚輢陭
jwi,縋膇槌錘腄甀硾
cwi,吹
hi,戲嚱
ki,企跂蚑吱
i,縊螠
si,翅翄施馶啻鍦卶翨
si,屣灑襹曬
kwi,觖
wi,餧萎
wi,僞
hwi,毀
wi,恚
swi,睡瑞
gi,馶翨
nwi,
ci,卶
swi,䅗瀡
jwi,娷諈
wi,瓗纗贀
nwi,諉
gwi,瞡
ji,
hwi,孈
ki,掎
ji,至摯贄鷙礩鴲懥
wi,位
mi,郿媚魅鬽篃蝞嚜煝娓
syuy,遂彗隧禭旞璲檖
juy,醉檇
syuy,邃祟誶粹睟賥譢
lyuy,類淚瓃垒蘱纍禷
bi,祕毖閟轡柲鉍泌鄪費秘粊
gwi,匱蕢臾饋餽櫃樻鞼簣
pi,濞嚊淠
bi,備俻奰糒犕絥鞴韍贔
gwi,媿愧聭謉騩
swi,帥率
kwi,喟嘳樻腃尯
hwi,豷燹
si,嗜視眎眂
li,利莅涖痢
ni,䣵
pi,屁
i,劓
ji,懫疐躓輊騺懥質駤
ki,棄弃夡蟿
ji,緻稚遟稺治謘致
mi,寐媢
ci,杘誺訵桑跮
gi,冀兾覬驥洎懻
gi,臮曁洎垍墍
gyuy,悸猤痵
cuy,翠濢臎
ni,二弍貳樲髶
ji,恣
ci,次佽絘
i,懿饐欭鷧撎亄
si,四亖肆柶泗牭貄駟蕼肂
ki,器
gyuy,季瞡
bi,鼻比枇坒襣芘
hyuy,婎睢
bi,痹畀庇比
syuy,萃顇悴瘁
ji,地墬
hi,齂屓呬
i,肄殔貤勩隶
si,示諡謚眎貤
si,自嫉
jwi,墜懟鎚
cuy,出
yuy,遺蜼瞶
hyuy,侐
jwi,轛
ci,痓
si,屍
cwi,
syuy,㽷
ji,志娡誌痣織
ji,值植治
si,寺嗣孠飤飼
ci,蛓蚝螆
si,笥伺思覗
si,試弑幟僿
ji,胾椔事剚倳鶅
li,吏
si,字牸孳茡芓孖
ci,眙佁誺
ni,餌珥衈毦咡刵佴誀洱眲
si,駛使
ci,廁
i,異异潩巳廙
ji,置
si,侍蒔秲
si,事
gi,忌邔惎鵋誋諅梞帺
ci,熾饎糦幟哆埴
i,意鷾亄
gi,記
hi,憙嬉
i,豙㘈譺㽈儗
ki,亟唭
mi,未味菋沬鮇
gwi,貴瞶
wi,胃謂媦緯彚蝟渭煟緭廾圍
wi,魏犩
bi,沸疿芾茀誹鯡
pi,費髴靅昲
kwi,
wi,尉寸熨慰畏罻犚蔚螱褽
hwi,諱卉芔泋
bi,狒腓怫菲屝蜚翡萉痱費蜰蟦
gi,旣曁禨漑旡
i,毅豙藙顡
ki,氣炁气
hi,欷唏墍愾氣餼鎎熂黖霼犔忥
gi,䤒幾
i,衣
o,御馭語
lyo,慮勴力鑢櫖
gyo,據鋸倨踞椐鐻澽豦
co,覰刞坥蜡
kyo,㰦去麮呿鼁胠
syo,署藷薯曙
syo,恕庶樜
jo,著箸
jo,䬡翥庶
syo,捒
o,飫瘀鄔醧淤菸棜
jo,箸筯除
gyo,遽勮詎醵澽
syo,絮
syo,助耡麆
jo,怚沮
jo,詛阻
nyo,洳茹如
yo,豫預譽礜輿鸒藇蕷穥忬歟悇與澦
hyo,嘘
nyo,女絮
co,楚儊
co,處
co,絮悇
syo,
u,遇寓庽媀禺
u,嫗蓲饇
syu,樹澍尌
ju,住牏逗
byu,附坿祔賻駙鮒蚹跗胕
ju,注疰罜鑄馵註炷澍霔蛀
gyu,屨句蒟絇瞿怐邭
hyu,昫煦酗呴姁
syu,戍腧輸隃
yu,裕覦諭喻籲
nyu,孺擩
pyu,赴豧簠訃仆婏
myu,務婺霧霚騖蝥嵍敄鶩
ju,緅足
gyu,懼具埧臞
u,芋雨羽吁
syu,埾聚
syu,捒數
byu,付賦傅陚搏
cu,娶趣
ju,註鉒駐軴住壴咮亍
kyu,驅
cu,菆
cu,
syu,尠
lyu,屢
mo,暮慕募墓慔
do,渡斁鍍度
lo,路露潞輅鷺璐賂簬簵虂
do,妒妬秅秺奼蠹螙殬斁
to,菟兔吐鵵
go,顧頋雇稒故酤沽痼固錮鯝棝凅
o,誤悮寤忤啎迕遻晤悟逜窹捂娛
ho,護瓠婟頀互濩冱枑韄鱯擭
so,訴愬泝遡素傃嗉膆塑塐
so,祚胙阼飵秨
no,笯怒
bo,布圃佈抪
o,汙惡噁
po,怖悑鋪誧
co,厝措醋錯
ko,絝袴庫胯苦跨
bo,捕哺步鞴餔鮬鵏荹
ho,謼戽
jo,作
jey,霽隮躋濟擠穧
jey,帝諦嚏啑柢蔕螮蝃摕疐骶僀偙腣趆蝭渧
sey,嚌劑穧眥齊齌癠懠
cey,替暜鬀剃戻揥涕洟达薙殢
jey,第弟遰髢鬀締睇悌娣禘軑釱鷤棣杕踶題遞摕慸鯷墆逮
cey,砌切妻摖
syey,細些栖壻
ey,詣羿睨栺盻甈堄霓
gey,計係繼繫薊髻檕檵蘻轚
hey,蒵系妎禊繫瘛慀盻稧
key,契栔罊蟿
ey,翳曀枍瘱殪瞖医嫕蘙縊豷繄殹
mey,謎
bey,閉閇嬖箅
hwey,慧憓潓惠蟪蕙橞繐儶譓鏸
gwey,桂昋炅炔筀罣夬
hwey,嘒嚖暳
pey,媲睥渒濞刂
bey,薜
ley,麗戾隸隷儷攴皿綟劙唳蜧沴荔捩欐涖悷栛丽蜦珕離
cey,
ney,泥埿迡濘
hey,殢
jay,祭際穄鰶穧
sway,歲櫘繐
wey,衞軎轊璏槥彗讏熭
nway,芮汭枘蜹笍鈉
jway,贅
swey,
cway,毳韢脃膬脆帨竁斤刂
way,銳銴叡睿蜹
jwey,綴醊畷笍啜餟腏錣卂輟
sway,稅說裞蛻帨涗
bay,斃幣敝
cwey,斤竁毳
sway,篲鏏彗槥軎轊
bay,蔽鄨鷩彆
gwey,劌鱖蹶
myay,袂
syey,鎩蔱
cay,掣瘛懘痸銐
jay,制淛製晢狾迣
syay,逝忕噬誓斤筮|工|収澨銴遾
yay,曳裔勩泄洩枻詍靾跇袣抴丿呭
ey,瘞餲
ay,藝埶蓺囈槸褹
jey,滯彘蹛銐璏
lyay,例厲礪勵禲癘鮤濿砅蠣蠇櫔糲巁犡栵洌
key,憩愒揭甈
syay,世丗勢貰
gey,猘罽瀱訐彐蘮
jey,㿃
gey,偈
sway,啜
cey,跇傺慸揥
jwey,
ey,
jway,蕝
pay,潎
kwey,
hwey,䂕
tay,泰忕太汰
gay,蓋匃丐
ay,艾鴱
ay,藹壒馤靄曖
nay,柰奈渿
day,大汏軑釱忕
hay,害夆妎
day,帶跢蹛艜
bay,貝沛鋇芾狽伂茷
pay,霈浿沛
hway,會禬繪
dway,兊綐銳
gway,儈膾鱠襘禬檜旝巜澮鄶廥鬠劊會獪
jway,最
hway,噦翽鐬渙濊
kway,
lway,酹頪
way,外
dway,祋
way,懀濊薈嬒
sway,蕞
sway,
cway,襊
bay,旆軷
kay,磕轄愒溘
cay,蔡
lay,賴籟癩瀨糲藾犡鵣
hay,餀
tway,娧蛻駾毻裞
may,眜沫
cway,
gway,卦挂掛詿罣
gyay,懈解繲廨薢賹
ay,拏詉挐摣蒘笯
hay,邂解
may,賣
hway,畫詿罣絓澅黊繣纗孈畵
cay,差瘥衩杈訍
ay,睚
hay,謑
bay,
bay,粺稗杷
say,眦
bay,派
jay,債
kyay,阝
say,曬汛洒
hway,諣
bay,
jway,膪
gway,怪恠又壞
ay,噫呃
jay,瘵祭
gyay,誡戒界介届疥玠砎魪尬价悈艐芥衸丯
nay,褹
hay,譮欸齂噧
hay,械薤齘瀣韰衸
ay,譺
kway,蒯喟嬇又又簣嘳蕢墤
bay,拜扒
bay,湃浿
hway,壞蘾
way,聵頁
bay,憊韛棑
may,豸韎
hway,躛又咶
say,鎩殺閷
kyay,烗劾揩
cway,顡
gway,夬獪又
kway,快噲駃璯
may,邁勱佅
hway,話
bay,敗攴唄
way,懀
cway,嘬欠
gyay,犗
cay,蠆慸
ay,喝餲嗄欬
say,
jay,
hay,䜕
hway,咶
bay,敗
cway,啐
say,寨砦
hay,㕢
dway,隊薱憝憞譈鐓錞濧
bay,佩珮孛鄁邶偝誖悖背苝
may,妹昧眛每痗瑁黴莓脢
pay,配昢妃嶏
hway,誨悔晦靧頮秏痗詯
dway,對寸碓轛
cway,倅淬焠啐
jway,晬祽綷捘
way,隈
tway,退
gway,憒幗刏慖簂蔮
hway,潰迴繢嬇殨闠螝詯膭僓
kway,塊凷堁
sway,碎誶啐繀
nway,内
lway,纇耒儽攂酹蘱礧銇錑
bay,背輩誖
way,磑
hway,蚚
day,代岱黛黱逮埭帒袋甙酨瑇靆
jay,載再縡丮
may,䆀脄
say,賽簺塞
tay,貸儓態曃
gay,漑槩摡又
kay,慨愾欬鎧闓嘅
ay,礙硋閡儗懝
ay,愛曖僾靉薆璦
hay,瀣劾
nay,耐螚鼐能佴耏
day,戴
lay,賚萊睞徠勑誺逨
cay,菜埰棌
say,載裁纔在酨栽
hay,儗
bey,廢癈橃祓砩
pey,肺杮
wey,穢薉濊獩饖
bey,吠茷鼣
hwey,喙餯顪
gwey,
ey,刈乂艾
jin,震振賑娠侲挋袗頁
sin,信訊訙迅囟顖卂汛奞阠
nin,刃認肕韌仞軔牣杒訒
in,胤酳靷引朄濥洕鈏
lin,遴吝悋磷閵粦燐藺轥轔麐瞵橉鏻甐疄撛粼躙
bin,儐擯殯鬢覕
jin,敶陳陣診
sin,愼昚蜃
sin,眒阠抻
kin,菣臤
sin,賮燼藎濜璶
in,憖猌垽
jin,晉搢縉進枃璡
hin,衅釁舋
jin,鎭瑱塡
gin,僅覲殣瑾饉廑瘽墐歏
cin,櫬瀙嚫襯儭齔
in,印鮣
cin,疢趁
pin,
cin,親寴儭瀙
kin,螼
gyun,呁
jun,稕諄盹訰
syun,峻濬浚陖埈迅鵕奞晙迿
syun,殉徇侚
jun,儁俊晙餕畯駿寯焌灷
syun,舜蕣瞬瞚眴鬊
nyun,閠潤
syun,順揗
myun,問璺絻汶紊聞莬脕抆鼤娩
un,運暈餫韗鄆貟忶鶤韻緷
hyun,訓爋臐薰鐼
pyun,湓忿魵瀵
byun,糞拚僨奮瀵
un,醖愠緼蕰
gyun,攈捃皸
gyun,郡
byun,分秎坋
hin,焮炘庍脪
gin,靳斤劤
gin,近
in,懚隱檼
in,垽
wan,願頁傆愿
wan,怨
ban,販畈
kwan,券絭勸虇綣韏
man,万萬輓蔓曼蟃鰻娩獌贎脕鬗
ban,飯閞
pan,嬔婏奿汳
gyan,建旔
an,堰鄢郾傿褗漹嫣
hyan,獻憲瀗
hwan,楥楦韗
gyan,健腱
pan,
wan,遠
an,鬳
gwan,圈
gwan,絭
hon,慁溷俒圂
don,頓扽敦
son,巽顨潠遜愻
kon,困涃
non,嫩媆腝抐
on,揾
mon,悶懣
son,鐏臶栫鱒
gon,睔睴琯璭謴
pon,噴歕湓
don,鈍遁遯鶨
con,寸
bon,坌
on,顐諢
lon,論溣碖
bon,奔
hon,惛
jon,焌捘
hon,恨
gon,艮茛珢詪
on,䭓
on,䭡
han,翰捍扞鼾螒垾豻釬汗悍瀚閈駻雗馯忓矸
tan,炭歎嘆湠
an,按案洝晏荌
dan,旦疸鴠觛狚笪
dan,憚彈澶僤但撣
gan,旰榦倝幹杆盰骭矸
an,岸犴豻頇喭
kan,侃偘靬看衎
han,漢暵熯厂
lan,爛爤瀾糷鑭讕
nan,攤灘難
can,粲燦璨薒
san,繖攵散帴攴
jan,賛讃鄼饡趲濽襸攅
san,䏼穳囋
hwan,換逭肒垸漶
jwan,鑚
wan,戾隸隷儷綟劙唳蜧沴荔捩欐涖悷栛丽蜦珕離
gwan,貫矔祼館瓘罐痯灌雚鸛樌鏆懽錧爟遦冠觀涫悹悺盥棺毌婠
cwan,竄鑹爨殩
wan,玩貦翫妧忨
dwan,段椴
lwan,亂灓攴
dwan,鍛腶碫斷瑖踹
twan,彖褖貒湪
hwan,喚嚾煥奐渙喛
swan,筭蒜笇祘
man,縵幔漫獌墁鏝謾
ban,半絆靽姅
pan,判泮頖沜胖姅冸牉
ban,叛畔伴
nwan,偄愞稬渜
swan,攅
kwan,
gyan,諫鐗
an,鴈鳫雁贗偐
an,晏騴鴳鷃
san,訕汕狦疝柵
han,骭娨
man,慢嫚謾縵
wan,綰贃
hwan,患擐宦轘豢槵繯
gwan,慣丱摜倌串矔
swan,涮
cwan,篡
wan,薍
san,輚棧虥
ban,襻
nwan,奻
can,羼鏟
can,
gyan,襉閒覵
han,莧藖粯
ban,瓣辨辦釆
ban,盼
hwan,幻
man,蔄
jan,袒綻
ban,扮
gwan,鰥
syen,霰先汛軐
cen,蒨茜輤綪倩芊棈篟
hwen,絢絃夐眴駽讂
hwen,縣寰袨眩炫衒贙迿姰玹眴
gwen,睊讂瓹罥懁獧狷
jen,電殿奠畋澱淀甸佃鈿闐涏塡窴壂
cen,瑱滇睼
len,練鍊揀楝鰊僆萰堜湅
gen,見鋻
nen,晛
ken,俔牽菣蜆涀汧
hen,見現涀
en,硯研豜趼
en,宴驠燕鷰醼讌嬿嚥咽溎酀
jen,薦
men,麪麵瞑眄
pen,片
sen,荐洊臶栫瀳袸
wen,裫噮肙
jen,殿唸
hen,
syen,線綫惗鮮
jen,戰顫
syen,繕鄯擅膳饍僐禪單嬗
en,彦唁喭甗諺這
ken,譴遣晵繾
gwen,絹狷鄄
wen,瑗援媛褑院
men,面偭
cwen,釧竁穿諯
wen,掾縁
jen,襢
nwen,
jen,箭鬋葥湔籛濺煎
cen,硟
syen,扇煽傓
en,躽堰
gwen,眷睠捲弮卷桊帣絭犈觠飬勬
gwen,倦韏襈
lwen,戀灓孌
cwen,猭鶨
ben,變
swen,
cwen,縓諯
ben,卞拚抃弁汴閞昪匥笲忭
swen,鏇縼旋嫙
swen,選繏渲
swen,籑饌襈僎譔
jwen,孨
jwen,傳
sen,賤諓餞
syen,羨
pen,騗偏
swen,叀
nen,輾碾
jwen,囀傳轉
en,衍莚羨狿延涎
ben,便
jen,邅纏
len,摙
kwen,絭
jwen,剸
ben,徧遍
syaw,嘯歗熽
caw,糶眺覜趒咷頫窱鋽絩
jaw,弔伄瘹釣窵蔦
gyaw,叫訆徼譥激噭嘂獥欠鸄
nyaw,尿
jaw,藋銚掉調莜嬥
kyaw,竅
lyaw,尥嫽料嘹鐐璙炓
yaw,顤獟澆嘄
yaw,窔
hyaw,嬈娎
syaw,肖韒鞘
jaw,照炤詔
yaw,燿鷂摇覞耀曜欠玉筄趭鷣艞讑
yaw,要葽
jaw,召
syaw,邵召劭卲
gyaw,嶠轎
paw,剽彯漂僄翲勡摽嫖慓
syaw,噍誚劁趭
myaw,妙玅篎
caw,陗峭篍哨俏帩
lyaw,燎療熮膫鷯
kyaw,趬譑
yaw,
jaw,醮釂皭潐爝僬趭
myaw,廟庿
baw,驃
syaw,少燒
caw,朓
baw,裱俵
gyaw,翹
nyaw,饒繞
haw,效効斆傚詨
gyaw,敎窖校鉸酵膠較珓
haw,孝哮涍嗃詨
jaw,罩鵫
baw,豹爆
kyaw,敲礉巧
maw,皃貌緢
baw,奅窌炮抛皰礮
caw,趠踔
saw,稍潲揱娋
jaw,棹櫂濯
naw,橈淖鬧
jaw,抓癄笊
baw,靤皰鞄鉋骲
caw,抄鈔縐耖仯觘罺
aw,靿袎箹軪
aw,樂磽
saw,巢
haw,号號
daw,導翿纛悼蹈盜燾幬儔
daw,到禱倒菿
gaw,誥郜告縞膏烄
aw,傲嫯鏊驁奡謷聱
maw,冃帽耄芼眊瑁冒旄毛媢覒
law,嫪澇潦勞僗髝癆
caw,操造艁慥糙鄵
baw,暴虣曝瀑勽菢袌
baw,報
saw,漕
aw,奥懊隩燠镺墺澳
saw,喿譟噪瘙髞埽掃
kaw,犒稾靠
jaw,竈躁趮
haw,秏好藃
naw,腝腦
ga,箇个個
ha,賀袔
ja,佐左袏作
da,跢癉痑哆
la,邏
ka,坷軻蚵艐
a,餓
da,大
na,奈那
sa,些
ha,呵
ta,拖
gwa,過裹鐹划
hwa,和盉俰
jwa,挫侳
kwa,課堁髁科
twa,唾涶毻蛻嫷毤
ba,播簸番譒
cwa,剉莝銼
ma,磨塺摩
nwa,愞堧稬
pa,破頗
swa,座坐
wa,臥
cwa,諎
hwa,貨
dwa,惰媠
ba,縛
lwa,@立摞
dwa,桗刴挅
cwa,磋
swa,䐝
a,侉
wa,涴
ma,禡榪鬕罵傌
gya,駕稼嫁瘕架椵價假幏賈
a,亞俹稏啞婭襾
ha,嚇罅唬謑煆
a,迓訝犽齖枒砑
ca,詫侘
ja,吒咤奼灹哆奓膪
ja,詐溠咋笮醡榨
sa,乍蜡齰
sya,謝榭
kya,髂疴
ha,暇夏下芐
sya,褯藉躤
ya,夜射
ca,斥
sya,蝑卸瀉
ja,柘樜鷓嗻炙蔗
ja,唶借
sya,舎赦涻厙
sya,射麝貰
ba,霸弝欛靶灞垻
ba,帊怕
hwa,摦崋華樺鳠檴
hwa,化匕諣杹
kwa,跨胯
swa,誜傻
ba,杷跁
na,絮
ca,笡
sa,嗄沙
gwa,坬
ja,
wa,瓦
wa,攨窊
yang,漾恙羕颺煬樣養眻諹瀁
lyang,亮諒掠悢緉兩踉量哴涼
syang,狀
nyang,讓欀攘懹
syang,餉傷向蟓曏慯饟蠰珦
jang,帳脹痮漲張
cang,悵暢鬯韔昶
hyang,向珦曏蠁萫嚮
jang,仗長瓺
nyang,釀
syang,匠
jang,障墇嶂瘴
syang,尚上丄償
jang,壯裝
ang,怏詇
gyang,弶
cang,唱廠倡
cang,刱創愴凔
jang,醬將
ang,仰
pang,訪妨邡
mang,妄望朢忘汒
hwang,況况貺
gwang,誑俇臦
wang,迋旺暀王
bang,放舫趽
syang,相
gyang,彊
kyang,唴羻
cang,蹡
gwang,狂誆
bang,防
dang,宕踼碭逿嵣
lang,浪閬埌蒗
hang,吭行笐
ang,盎醠
ang,枊
jang,葬
bang,傍徬
sang,藏奘臟
dang,譡儅瓽當擋闣
kang,抗閌炕犺伉亢蚢砊邟阬頏
bang,螃搒舫謗
tang,儻摥湯蕩盪鐋
kwang,曠爌矌壙纊
nang,儾灢
sang,喪
hwang,攩擴潢暀
gwang,桄光
gang,鋼掆
hwang,荒
mang,漭吂
wang,汪
eng,映暎賏詇
geng,敬竟鏡獍
geng,競誩倞檠儆曔
keng,慶
geng,更
meng,命
beng,病評枰
meng,孟朚盟
hong,蝗橫
beng,柄棅怲邴鈵寎
eng,詠咏泳禜醟
heng,行絎胻
eng,瀴
ceng,㵾
jeng,倀趟偵
ceng,牚
beng,榜跰
jeng,鋥
syeng,生貹
eng,迎
beng,膨
heng,
ong,
jeng,諍
beng,迸
beng,
eng,嫈
eng,鞕硬
heng,轟輷
geng,勁
ceng,倩凊
jeng,政正証鴊
syeng,聖
jeng,鄭呈
ceng,遉偵
syeng,性姓
leng,令詅
peng,聘娉俜
heng,敻詗醟矎
beng,摒併并
beng,偋庰
syeng,淨穽靚請婧
syeng,盛墭晟
meng,詺
keng,輕
heng,
jeng,精
geng,徑經逕俓桱
neng,寗佞濘鸋
syeng,腥醒睲
heng,脛踁
jeng,定掟廷錠
jeng,矴釘訂定飣奠顁錠
keng,罄磬殸鑋
ceng,聽汀侹
ceng,靘掅
meng,暝
eng,鎣瑩瀅
leng,零令
jeng,證烝
eng,孕賸媵鱦膡
syeng,乗鱦媵嵊賸剰
neng,認扔芿
eng,應譍噟
jeng,甑
heng,興臖嬹
syeng,勝膡蕂榺
jeng,瞪
heng,
beng,凭靐
ceng,稱秤
eng,凝
syeng,丞
ceng,覴
geng,殑
deng,嶝鐙隥橙凳磴
seng,贈
geng,亘堩搄縆
ceng,蹭
deng,鄧蹬僜幐
meng,懵懜
beng,堋
beng,倗
leng,倰
jeng,增
seng,
teng,
yu,宥又佑右祐酭囿姷忧侑
gyu,救灸廏究疚殳殳猶殳
ju,胄冑酎宙繇籀伷疛駎懤
ju,晝咮噣
syu,狩獸守首收
cu,臭殠
syu,岫袖牰
hyu,齅嘼珛
ju,呪椆祝
gyu,舊柩匶
syu,瘦漱鏉
ju,皺甃縐
pyu,副仆覆褔
cu,簉
byu,富輻鍑
cu,畜俞
lyu,溜廖霤嬼鷚餾瘤窌留僇廇畂飂勠翏塯
syu,秀繡蜏琇宿
ju,僦媨
syu,驟
syu,就鷲殧
nyu,糅腬猱狃
byu,復伏椱
yu,狖貁鼬槱柚蜼褎油猶櫾輶牰蜏
syu,授詶壽售綬
nyu,輮蹂煣鞣
myu,苺
yu,
kyu,
cu,䞭
how,候鮜鄇逅訽睺后後堠鱟鍭厚
kow,寇滱怐扣簆詬
mow,茂貿鄮戊愗袤楙懋瞀姆苺冃雺
pow,仆踣豧
dow,豆竇窬逗酘荳脰郖梪餖浢毭
dow,鬥鬭鬪噣斣襡
now,槈鎒耨擩譳
sow,瘶嗽欶漱鏉謏嗾
jow,奏走
tow,透咅
ow,漚
gow,遘構媾覯姤購雊句軥搆怐煹冓
cow,輳腠湊嗾蔟楱
low,陋漏鏤屚瘻蔄僂
how,蔻豞詬訽吼佝怐
bow,䏽
ow,偶
sow,楱
yu,幼
myu,謬繆
kyu,
gyu,
cim,沁吣
jim,浸濅祲
nim,妊絍鵀任衽
jim,鴆沈
jim,枕針
gim,噤紟鈙凚笒齽
gim,禁僸
nim,賃
im,蔭窨喑癊飲
sim,滲罧
cim,闖
jim,譖
cim,讖
im,吟
jim,揕
lim,臨
sim,甚侺
im,䫴
sim,深
kam,勘轗竷磡
gam,紺淦灨贛
ham,憾琀浛唅蜭莟
am,暗闇
tam,僋撢傝憛誩
sam,俕閐
cam,謲參
dam,醰贉瞫
am,儑
dam,馾帎
nam,妠
lam,顲僋
ham,䫲
jam,篸撍
kam,闞瞰嚂
lam,濫纜爁懢嚂
tam,賧睒澉舕
gam,
ham,蘫
ham,憨譀
dam,憺惔澹腅淡啗啖倓
sam,暫蹔鏨
dam,擔甔
sam,三
em,豔艶爓焰焱鹽灩
syem,贍
nem,染髯
em,厭猒饜嬮
bem,窆砭
em,驗噞
syem,閃煔苫掞
jem,
cem,壍塹槧嬱
lem,殮斂瀲爁獫
cem,覘
cem,幨襜裧韂
em,俺
syem,潛
jem,占
cem,舚忝煔
nem,念
jem,店坫沾痁墊唸埝
syem,
jem,磹
gem,趝
em,酓
jem,僭
sem,䁮
gem,兼
kem,傔
lem,稴
em,釅
hem,脅姭
kem,㪁
myom,
ham,陷臽錎
am,韽淊揞
jam,蘸
jam,站
kyam,歉
jam,詀譧
sam,儳
gyam,
nam,諵
am,顑
gyam,鑑鑒監
cam,懺儳摲嚵
jam,覱
sam,釤
ham,譀鬫
bam,埿湴
ham,㯺
sam,鑱欃讒艬
am,
byom,梵帆颿
pyom,汎泛氾姂
gem,劔
kem,欠
em,俺淹裺覎
ok,屋剭
dok,獨黷讟髑殰讀櫝牘儥贕碡皾襡韣瓄瀆豄韇嬻犢罜匵
gok,穀糓轂榖瀔谷瑴唂
hok,縠槲斛礐觳蔛焀
kok,哭
tok,秃鵚
dok,豰啄竺剢
sok,速遬蔌餗樕梀藗殐嗽棴涑
lok,禄鹿漉渌觻睩龣轆琭簏箓螰麓碌盝騼磟簶谷娽摝廘角录濼鏕趢蔍鄜
hok,豰熇嚛
sok,族銼鑿
cok,瘯蔟趗梀簇
jok,鏃鎐
bok,暴曝瀑樸僕菐穙
pok,扑醭濼墣攴撲骲
bok,卜濮轐樸獛蹼纀襆鳪
mok,木沐朷毣鶩霂蓩艒鞪楘蚞
byok,福腹複幅輻葍蝠鍑鶝踾輹菐偪楅
byok,伏復虙服茯馥鵩鞴蕧輹澓椱洑箙棴复畐絥菔匐鰒栿
syok,縮莤樎謖蹜摍摵謏
lyok,六陸戮剹勠稑穋鵱蓼鯥磟淕坴踛僇
jok,逐軸碡妯舳鱁筑蓫柚篴
gyok,菊鞠蘜訇掬匊訇人鞫人人人鳥鵴椈巈諊踘閰泦趜
kyok,麴匊鞠
syok,熟孰淑塾璹婌
cok,俶柷琡埱
yok,育毓鬻粥儥棛錥煜焴昱蒮淯蜟堉喅逳蘛
gyok,驧趜鵴鳥鞠毱踘
cok,鼀蹴殧
nyok,肉衄鮞
jok,粥喌祝柷琡
syok,叔儵倐透虪鮛掓翛尗菽
hyok,蓄稸畜鄐荲蓫慉
jok,竹竺筑築茿
jok,蹙踧噈摵槭殧縬顣蹴
cok,珿矗
nyok,朒恧忸衄沑
jok,縬
pyok,蝮覆蕧副
ok,郁戫彧燠栯噢墺薁澳隩稶懊
syok,肅宿蓿夙玊鷫蟰驌鱐潚橚璛
myok,目睦穆苜牧繆萺
ok,囿哊
cok,蓄稸滀苖荲蓫敊傗鄐矗
ok,砡
syok,
ok,沃鋈鱟觷
dok,毒蝳瑇纛碡
dok,篤竺督錖裻
kok,酷焅嚳硞
hok,鵠翯隺頶礐
bok,僕瞨鏷轐
sok,洬裻
gok,梏牿告郜祰
mok,瑁媢艒萺
hok,熇臛嚛歊
nok,褥傉耨搙
jok,傶錊
bok,襮犦
lok,濼
ok,
jok,燭屬属矚囑鸀噣蠾韣蠋
ok,玉獄鳿頊
hyok,旭頊勗
gyok,輂絭鋦挶梮拲
gyok,局跼駶侷
syok,蜀韣蠾襩襡屬属鐲
cok,觸觕歜臅
nyok,辱蓐褥鄏縟溽媷嗕
syok,束
yok,欲浴鵒鋊輍慾谷
jok,躅蠋
lyok,録渌緑醁騄娽菉逯籙碌趢
kyok,曲匤
jok,瘃孎斸钃欘
jok,足哫
syok,贖
byok,幞襆
cok,促誎趗
syok,續俗藚
syok,粟憟涑玊
byok,
cok,梀亍豖
gyak,覺斠角桷較瑴榷捔搉梏傕龣
ak,嶽岳樂鸑
sak,浞丵鋜灂鷟捔澩篧汋齺簎
jak,捉穛穱斮篧
sak,朔欶嗽矟槊蒴數箾揱
jak,斲涿諑椓琢孎卓桌啄斀啅噣倬晫菿
bak,剥駮駁嚗肑爆髉趵
mak,邈藐眊皃毣瞀瞐
bak,雹跑骲瓝瓟謈犦豰窇懪
bak,璞樸朴攴墣圤颮鞄謈
kyak,毃愨搉確碻觳燩嶨礐塙硞埆
jak,濁擢濯鵫嬥鐲欘鸀蠗鸐
ak,渥握偓箹幄楃喔鷽葯腛齷媉龏
nak,搦掉搙
cak,逴趠晫踔
lak,犖
hak,學确嶨鷽澩觷翯
hak,豞翯嗀謞瀥滈
cak,娖娕擉齱齪
jit,質晊郅桎櫍蛭騭劕銍鑕懫礩侄
nit,日馹衵臸
sit,實
jit,秩紩帙袠柣翐姪妷豑@呈
sit,悉厀膝蟋僁窸
it,一弌壹
cit,七漆柒桼
pit,匹鷝
git,吉趌狤拮郆洁
nit,暱昵衵
it,逸佚佾溢軼鎰泆齸欥
kit,詰蛣趌
hit,欯欪咭恄
cit,抶咥眣跮
lit,栗慄溧鷅凓篥麜瑮塛搮
jit,窒挃庢銍秷螲
sit,疾嫉蒺愱槉
cit,
sit,失室
jit,堲唧蝍楖
mit,蜜謐榓宓淧
bit,必畢篳蓽韠蹕滭鷝觱珌熚彃縪鮅饆鏎罼
git,姞佶鮚趌狤
bit,邲比柲馝苾佖鮩駜坒飶綼鮅怭泌吡咇妼
yut,汨蒁
syut,率帥蟀咰
cit,叱
sit,
mit,密蔤宓滵沕樒
bit,弼弻駜胇邲佖
it,乙鳦亄
it,耴聉圪力
bit,筆潷鉍柲泌咇
jut,茁
hit,肸
git,曁
jit,蛭
hyut,獝
syut,術述秫术沭噊袕潏鱊驈
gyut,橘繘
syut,崒踤誶捽
yut,聿鴪燏遹鷸驈繘潏矞霱芛欥鱊噊銉
jut,卒啐
syut,卹恤戌訹珬賉銊欰
lyut,律寽繂膟葎
cut,黜怵炪欪
jut,窋絀逫泏
jut,术炢
cut,出
cut,焌
jut,
hyut,怴
jit,櫛楖瀄擳
sit,瑟飋蟋蝨璱
sit,
myut,物勿芴岉伆沕
byut,弗紱黻綍紼芾巿韍不翇柫髴冹帗笰甶
ut,鬱欝灪爩黦菀尉熨蔚
gyut,孒厥屈鶌趉
kyut,屈詘
gyut,倔崛堀掘
byut,佛怫坲咈刜炥
hyut,欻烼
ut,觱
pyut,拂嶏茀祓艴刜乀髴彿
ut,崛
hit,迄仡釳肸忔莔汔
git,訖吃扢曁
it,疙屹圪仡
git,
kit,乞契
wat,月刖跀軏抈扤枂钥玥
bat,伐筏栰罰閥垡橃瞂拔茷藅坺
wat,越粤戉鉞樾蚏曰璏熭泧
gwat,厥氒蹶瘚劂蕨蟨蟩橜欮撅鱖孒
wat,噦黦
gwat,鷢橜撅蹷掘赶憠亅
kwat,闕
bat,髮發颰冹
mat,韤韈襪
hwat,泧狘
at,謁閼暍黦
hyat,歇蠍猲
gyat,訐羯揭鍻
gyat,揭竭碣楬
pat,㤄
at,钀
mot,沒歿頁莈
tot,
got,骨縎鶻滑啒淈汩愲蓇尳榾扢
bot,勃渤餑馞悖郣浡誖桲孛艴挬脖鵓
dot,咄柮
tot,宊棁
dot,突揬腯鼵葖鶟堗鈯凸鍎
ot,頁腽殟嗢榅揾淴馧
hot,忽昒匫寣笏曶啒惚
ot,兀扤杌屼矹鼿軏刖
pot,昢哱馞
lot,硉
kot,窟顝泏矻堀圣圣胐
not,訥肭抐
sot,窣屑
cot,猝卒
sot,捽椊崪
hot,麧齕紇淈
hot,搰扢抇鶻尳滑
jot,卒倅稡
hat,曷褐毼鹖蝎餲骱鞨
hat,喝猲暍
dat,怛妲呾炟狚笪靼
tat,闥撻躂澾獺羍達汏噧
at,遏齃頞堨閼胺餲靄咹
lat,剌揧辢瘌攋糲癩轢楋蝲
kat,渴嵑磕
dat,達薘
sat,巀囋囐
at,嶭屵枿櫱歺頇齾
gat,葛獦割匃輵
sat,躠薩摋攃
cat,攃礤
nat,捺
mat,䔾
mat,末昩秣靺韎粖眜抹妺瀎沫袜
wat,枂
swat,柮
bat,撥癶袚茇鉢盋鱍襏帗驋筏
jwat,刂
gwat,括活髺檜栝聒鴰萿适銛佸頢劊葀懖筈
kwat,闊蛞筈适
hwat,活越鬠佸秳姡
dwat,奪脫挩莌痥鮵
hwat,豁奯濊泧眓
wat,斡焥捾嬒睕
jwat,繓撮攥
pat,鏺鱍
twat,侻挩脫莌棁
lwat,捋蛶
dwat,掇剟鵽腏祋咄裰敠
cwat,撮襊
bat,跋魃軷馛炦颰癹妭犮拔胈鈸菝坺茇
hat,黠
jat,札蚻紮扎
bat,拔菝
kyat,擖劼鬜硈咭
hwat,滑猾磆螖鶻
bat,八朳捌扒哵玐釟
jwat,窡娺鵽聉
wat,婠嗢穵嗗
nwat,豽貀肭
cat,察詧
gwat,劀刂鱊
gyat,戛扴圿稭鴶楔秸骱鞂砎忦嘎袺磍頡
at,軋圠揠嫼猰穵窫
sat,殺煞鎩帴蔱榝
mat,齂睰礣
hwat,傄
nat,痆
wat,聉
kwat,䯇
bat,汃
jwat,茁
hat,鎋舝轄鶷砎圣縖手
at,呾劜
at,齾聐
cat,刹
kyat,楬磍趏
hat,瞎
cat,獺
gwat,刮鴰劀趏
hwat,頢敌舌姡咶
cwat,
jwat,鵽窡錣
swat,刷
wat,刖
cwat,
mat,礣帓帕
nwat,妠袦
bat,捌
gyat,擖猰
sat,耫
jat,哳眣
nyat,
syet,屑楔揳榍糏僁偰
cet,切竊柣沏詧
get,結絜潔鍥桔袺拮狤魝
jet,節癤蝍楶岊幯
hwet,血泬疦瞲坹
kwet,闋湀缺
gwet,玦潏譎訣觼鐍駃芵赽鴂鈌決觖騤疦蚗趹憰抉
hwet,穴坹袕
wet,抉妜焆
jet,姪眣昳胅凸垤耋迭跌絰驖嵽軼瓞咥墆戜苵镻荎恎詄摕泆趃
cet,鐵銕僣餮飻蛈驖
het,纈擷頡頁齕紇襭絜翓籺覈
net,湼捏圼篞苶菍
set,岊蠞
et,齧霓蜺嵲槷臬嶭臲隉闑
met,蔑懱蠛篾幭鱴衊覕鴓瀎粖
bet,閉力
et,噎蠮咽
ket,猰挈契栔鍥蛪
het,擷褉
pet,撆丿瞥嫳鐅暼
bet,蹩頁癟咇苾馝飶蛂柲襒
jet,窒蛭咥
let,戾捩綟唳盭夨
syet,薛紲緤褻辥泄渫禼媟齛暬絬疶
let,列刂迾蛚鮤烈洌冽裂茢颲鴷栵挒姴
jet,哲悊喆嚞蜇
get,傑桀竭碣楬榤揭渴嵥滐櫭偈搩
net,熱苶
jet,晢晣浙折靼
syet,舌揲蛥鞨
syet,折
et,孼糱讞蠥闑钀櫱
met,滅搣
ket,朅揭藒愒
bet,鷩鼈虌鄨憋鳥
swet,絕
jwet,蕝
swet,雪
cwet,
wet,悅說閱蛻娧
kwet,缺蒛
wet,噦
nwet,爇焫蜹
swet,說
jwet,拙炪梲蝃準
cwet,歠啜
jwet,輟畷惙餟罬剟醊啜綴掇腏叕
lwet,劣埒鋝脟蛶浖哷
pet,瞥潎憋癟
bet,別
jet,轍徹撤澈
bet,莂扒別
swet,
get,孑訐趌揭
syet,設蔎
nwet,呐
hwet,烕吷
wet,妜
gwet,蹶罬
jwet,茁
cwet,膬絟敠
jwet,蠽尐
syet,榝
et,焆
cet,屮撤硩徹聅
het,娎焎
cwet,啜
cet,
swet,
cet,掣瘛
et,抴
syet,
yak,藥躍礿禴蘥鑰瀹爚櫟龠敫籥纅鸙亢
lyak,略擽掠
gyak,腳脚蹻卻屩
jak,灼斫彴勺酌繳焯妁謶犳禚
syak,爍鑠爚
nyak,若弱鄀箬蒻楉溺惹叒
cak,綽繛婥磭
ak,約葯
kyak,卻却
ak,虐磭瘧
syak,妁勺汋杓仢芍
cak,犬婼逴辵蠚
syak,削
jak,斮
jak,爵雀爝燋
syak,皭嚼爝
cak,鵲舄趞碏芍皵踖
gyak,噱蹻臄醵
wak,嬳彠臒
bak,縛
hwak,矆彏戄
wak,籰
gwak,玃貜钁攫矍彏躩
jak,芍著櫡鐯擆着
jak,著着
kwak,躩
gwak,戄貜
nyak,逽蹃
pak,
hyak,謔
dak,鐸剫度踱凙襗喥仛
mak,莫幕鄚膜鏌摸漠瘼寞瞙嗼塻
lak,落絡烙洛珞酪樂轢笿硌駱鉻馲驝鮥雒躒鵅挌濼袼樂
tak,託袥橐魠籜拓馲驝蘀侂飥魄沰矺
jak,作迮柞糳鑿
cak,錯厝逪剒縒莡
gak,各閣格胳袼
kak,恪愙
ak,咢愕鄂諤刂遌萼鍔崿鶚鰐噩齶顎鑩偔堮湂
pak,奤濼粕膊搏胉蒪
ak,惡堊蝁
bak,泊亳箔薄礴簿鑮踄
hak,鄗壑蠚謞郝鰝熇嗃矐
sak,索溹
hak,涸鶴貈貉狢佫
sak,昨酢莋怍鑿笮筰柞岝飵秨砟葃鈼
bak,博髆搏爆鎛襮鑮簙猼欂溥餺
nak,諾
hwak,霍靃霩藿矐彉彍攉瀖劐癨
gwak,郭阝崞椁槨彉彍埻
wak,雘蠖臒鸌嬳
hwak,穫鑊檴濩擭
kwak,廓鞹漷籗噋
wak,瓁
lwak,硦
jwak,
mek,陌帞袹貘蛨貊佰驀嗼貉洦銆
jek,磔虴舴馲嫡杔
bek,白帛舶鮊
bek,伯迫敀百柏湐
gek,劇屐
gek,戟撠谻丮
syek,索溹
cek,柵
hok,嚄
jek,嘖迮窄笮諎舴蚱
sek,齚齰咋泎岝
kek,隙郤綌
ek,額頟峉詻
ek,逆屰縌
kek,客喀礊揢
ek,啞
hek,虩
cek,
ok,
bek,拍魄怕皛敀珀洦
hek,赫爀嚇
hek,垎楁
gek,格茖骼觡鵅挌蛒鉻
hok,謋諕漷砉湱硅
jek,宅擇澤翟檡鸅蠌襗宅
gyok,虢唬
ek,擭濩彠
nok,蹃搦
kyok,
bek,欂
mek,麥血脉衇霢眽覛
hek,獲畫嫿劃鱯彠咟
gek,蟈馘聝幗膕埻摑漍慖嘓讗
bek,檗擘薜糪
bek,繴欂
sek,賾鰿葃矠耫嘖
jek,責簀幘嘖謮債嫧咋
sek,
cek,策冊嫧筴矠憡皟拺柵
kek,礊緙罊諽
hek,剨繣劃捇掝礊焃湱
hek,覈繳翮核滆
gek,隔膈搹鬲槅革諽嗝
jek,摘謫棏厇矺
ek,戹厄搤軶阸豟呝貖蚅啞
sek,栜摵愬擌拺索溹虩
bek,糪
ek,虉鳽
lek,礐
jek,
sek,
gek,
nek,疒眲
syek,昔腊惜潟磶舄蕮焟棤
jek,積脊蹐借迹跡踖鰿鯽蹟襀庴
ek,益謚嗌齸膉
ek,繹睪亦弈奕帟譯懌斁驛嶧醳腋掖易液痬蜴埸圛襗射墿燡
syek,釋檡適奭郝睗晹螫冟襫
cek,尺赤烾蚇斥郝滷
syek,石碩祏鉐鼫
jek,隻適炙墌摭拓蹠跖
jek,擲擿躑蹢潪
cek,皵磧刺洓嫧
syek,席夕穸汐蓆
syek,籍踖藉耤塉瘠庴猎葃膌簎
bek,擗椑躃闢辟萆
ek,役疫坄垼炈鈠豛
hek,瞁
bek,辟璧鐴躄襞
pek,僻辟癖廦
syek,麝射
bek,碧
jek,
cek,彳
jek,
cek,
syek,錫析皙緆蜥菥淅惁
gek,激擊墼轚獥欠鸄
pek,霹劈澼憵癖僻
lek,靂酈癧轢鎘礫瓅秝櫪櫟歷曆藶瀝磿寥鬲蒚皪躒厤攊觻擽濼
jek,的適嫡甋靮鏑馰滴肑弔芍蹢玓樀扚啇魡杓
hek,檄覡薂鼳鸄獥
ek,鷁鶂艗虉
jek,荻狄敵籊翟迪覿笛篴糴籴邮滌蓧踧樀頔梑苖滷
cek,逖逷倜趯剔詆惕摘踢蓨籊悐
jek,績勣樍
kek,燩喫心
nek,惄溺愵
sek,寂
mek,覓覛幎幦糸羃汨漞冂蓂覭濗塓
bek,甓鷿椑
bek,壁鼊繴廦綼
kek,闃
gek,郹狊鶪湨鼳犑
cek,戚慼鼜鏚慽磩
hek,赥鬩
hek,砉瞁狊焱殈
cek,
jek,職軄戠織膱蟙樴
jek,直犆
lek,力朸屴仂鳨泐
cek,敕勅飭淔趩栻侙鷘恜慗遫荲
jek,陟稙
syek,食蝕
syek,息鄎瘜蒠熄
syek,寔湜殖植埴遈
syek,識式拭軾飾鉽烒
hek,赩
syek,崱溭萴
gek,極
nek,匿恧
cek,測惻畟
ek,憶億臆肊繶醷澺薏檍抑癔
syek,色嗇穡薔轖繬濇嬙懎
kek,
gek,殛襋棘亟悈蕀茍
ek,弋翊翌廙黓翼隿潩杙芅蛡瀷熼釴
jek,即卽稷蝍楖畟鯽堲唧揤
bek,逼偪皕幅楅湢皀
ok,域蜮罭棫琙緎魊淢
hyok,洫侐閾緎淢
pek,堛愊踾揊稫副畐疈
jek,稄仄萴側夨
bek,愎腷煏馥踾鶝
ek,嶷薿懝觺
syek,堲垐
jek,毛
mek,
cek,瀷
dek,德惪得淂蒦取
jek,則刂
lek,勒肋扐仂艻朸玏泐阞竻
tek,忒慝貣
kek,刻克剋勊
dek,特貣樴棏鴏螣
hek,黑潶
mek,墨默冒纆万艒
sek,賊鱡鰂蠈
sek,塞寨
bek,北北
bek,菔蔔僰匐踣仆菩垘稫
hok,或惑蜮
gok,國
ek,餩殕
hek,劾
nek,
gek,裓孂
cek,墄
pek,覆
hok,
cip,緝葺諿咠
sip,十什拾褶
jip,執汁瓡慹
sip,習襲隰鰼騽飁槢褶霫
sip,集輯檝亼鏶慹箿
nip,入廿
ip,揖挹
sip,溼濕
jip,潗湒咠蓻葺
gip,及苙笈
jip,蟄俋譶
jip,縶
lip,立粒笠鴗苙岦砬
gip,急汲給伋級芨彶皀
ip,岌
kip,泣湆
sip,卌霫
sip,歰澀澁鈒雭濇翜
hip,吸噏歙翕潝熻嬆翖闟
jip,戢蕺濈霵
ip,邑悒唈裛浥
cip,湁雴漐
ip,煜曄熠騽
ip,熠孴
nip,孨㘝
sip,霵
bip,
bip,皀
cip,
cip,卙
hap,合郃榙詥耠盒
gap,閤鴿合鉿鮯蛤郃浩匌頜佮鞈韐
dap,答畣撘荅褡嗒
sap,趿颯靸馺霅鈒
dap,沓誻遝涾龖譶蹹眔
tap,錔嚃踏鞜漯濕佮濌
sap,雜韴磼雥
jap,帀迊噆魳嘁沞
lap,拉搚摺磖菈
nap,納蒳軜衲魶妠
kap,溘厒匌歁
ap,姶罨罯媕庵搕鞥佮
hap,欱
ap,礏哈儑砐礘魥
cap,
sap,遪
ap,唈
hap,盍闔嗑蓋篕熆
lap,臘臈鑞蠟擸搚邋
dap,耷搨矺刂笚褡
tap,榻毾鰈魼鰨傝狧鞳塔搭嗒遢
hap,
nap,魶笝
dap,蹋躢闒譫
sap,靸攴
ap,儑
sap,
gap,嗑蓋閘鉀
kap,榼磕
ap,鰪盦廅
cap,囃
gap,砝
jap,譫
ep,葉楪揲鍱偞枼煠殜
jep,接椄睫楫檝婕菨鯜
syep,攝灄葉歙欇弽韘
syep,涉欇
lep,獵鬛躐擸儠犣鱲邋巤獦
syep,捷疌寁倢崨踕誱
jep,殜
ep,裛腌
nep,聶躡鑷睪帇踂
cep,謵詀喢
nep,讘顳嵒囁
jep,讋囁懾慴慹霅摺襵
cep,妾緁鏶淁鯜穕踥
cep,锸煠
gep,衱极笈
jep,輒耴襵鮿
ep,曄饁燁皣瞱
kep,
syep,萐箑歃霎喢
gep,
ep,魘擪靨嬮厭
cep,怗帖鉆貼跕蝶呫
hep,協叶勰綊挾俠劦
gep,頰鋏筴梜莢蛺唊
kep,愜悏匧篋
jep,牒喋蹀諜堞褺曡疊慴牃褋墊惵褶蝶揲
nep,苶埝捻錜慹敜攝籋鑈惗菍
syep,燮屧屟躞韘鞢徢蜨
lep,
jep,聑笘喋跕涉
sep,
jep,浹
hep,弽偞
syep,
hap,洽狹陜陿祫峽硤烚珨
kyap,恰掐帢
sap,箑煠渫牐
gyap,夾郟筴韐跲袷裌餄鵊鞈
jap,眨偛
cap,插臿疀鍤扱笈喢
nap,㘝
hap,欱敮
sap,霎歃箑萐喢
jap,劄
ap,凹浥圔
ap,
cap,
hap,狎翈霅柙匣炠笚
jap,喋擖霅
ap,鴨壓庘閘押
gyap,甲胛梜押鉀玾
sap,翣啑翜
hap,呷譀
ep,業鄴鸈澲
hep,脅愶嗋熁拹
kep,怯抾呿魥胠
gep,劫衱袷蜐跲鉣砝
ep,腌罨裛殗浥餣
ep,殜
gep,跲昅极笈
byop,乏泛姂
byop,法灋
pyop,
kyop,猲姂
nyop,
cop,
